t0,t1,t_mean,t0_data,t1_data,cps_bgsub,cps_bgsub_err,flux_bgsub,flux_bgsub_err,mag_bgsub,mag_bgsub_err_1,mag_bgsub_err_2,cps_mcatbgsub,cps_mcatbgsub_err,flux_mcatbgsub,flux_mcatbgsub_err,mag_mcatbgsub,mag_mcatbgsub_err_1,mag_mcatbgsub_err_2,cps,cps_err,flux,flux_err,mag,mag_err_1,mag_err_2,counts,flat_counts,bg_counts,bg_flat_counts,exptime,bg,mcat_bg,responses,detxs,detys,detrad,racent,deccent,q_mean,flags
760458955.995,760460394.995,760459704.170113,760458957.045,760460392.105,0.01338158805761871,0.014644860796570607,2.7566071398694543e-18,3.016841324093545e-18,24.76373085922037,0.8026510420145634,,,,,,,,,0.14277533317663668,0.01060699704395026,2.941171863438716e-17,2.1850413910537535e-18,22.193367044260523,0.0778053727307082,0.08381439899156717,177.0,181.18467819002487,583.0,570.1499387275857,1269.0194738741704,164.2031823535447,,0.9770549720307224,647.9934692382812,527.2611083984375,278.74029219981315,150.34971582810894,1.8576898465154703,10.694914817810059,0.0
760464876.995,760466313.995,760465568.0925158,760464880.68,760466312.205,0.04631826185186881,0.013981377091567587,9.541561941484975e-18,2.880163680862923e-18,23.415619365985744,0.28640614528543296,0.3901351866604692,,,,,,,,0.14632910326800502,0.010775759377166419,3.0143795273209035e-17,2.2198064316962823e-18,22.166673222080806,0.07714729046182,0.08305118936867117,157.0,184.40201071963517,515.0,437.6123143497863,1260.1868432276167,126.03234653273847,,0.8516834444010994,371.7972717285156,449.9005126953125,57.31888911353942,150.3497062327563,1.8577060072019584,15.484076499938965,0.0
760476718.995,760478151.995,760477453.2487346,760476725.185,760478142.375,0.0018291247971552714,0.014468780322743426,3.767997082139859e-19,2.980568746485146e-18,26.924391656392444,2.3747211193445494,,,,,,,,,0.13267074215113137,0.010266419526740279,2.733017288313306e-17,2.114882422508497e-18,22.273062103601838,0.08092498862131592,0.08744600917061973,162.0,166.99839704727958,588.0,571.861106291975,1258.7432190365228,164.69599861208883,,0.9703041831611853,506.518798828125,668.2879028320312,288.66009996152223,150.3496152476857,1.8576419787530725,10.969136238098145,0.0
760530099.995,760531422.995,760530755.32014,760530101.725,760531421.72,0.05010371635155322,0.014614786091157947,1.0321365568419962e-17,3.010645934778537e-18,23.33032514984718,0.2778962981967368,0.3744425785385026,,,,,,,,0.14828837686259022,0.011336038452968556,3.0547405633693583e-17,2.3352239213115225e-18,22.15223222125347,0.07998052002233891,0.08634414857634454,143.0,171.11638713007767,472.0,393.4011686690818,1153.9433551736881,113.29953657669557,,0.8359686036849384,417.6950378417969,345.84478759765625,56.972812766841606,150.34972047462813,1.857762739518746,15.300699234008789,0.0
760547771.995,760549180.995,760548481.7015384,760547775.28,760549175.905,-0.016230218355506313,0.014843865229530014,-3.3434249812343002e-18,3.057836237283183e-18,,,,,,,,,,,0.12876359504420554,0.010180300766435732,2.652530057910634e-17,2.097141957885761e-18,22.305517266086266,0.08261594552524443,0.08942395641066625,156.0,159.979733573659,641.0,625.5022266222575,1242.4298460969244,180.14464126721018,,0.9752967096378191,542.8934936523438,659.1557006835938,295.93956769073117,150.34965947773898,1.857705684507921,10.801281929016113,32.0
760553697.995,760555099.995,760554383.933362,760553699.66,760555097.21,0.05222890245010872,0.015237233686525553,1.0759153904722397e-17,3.138870139424264e-18,23.285222751072347,0.2779373468774473,0.3745174399370548,,,,,,,,0.1654442559816681,0.011740726272568516,3.408151673222363e-17,2.4185896121491144e-18,22.03337076601356,0.07443803956796202,0.07991963167196303,174.0,198.56992027419574,538.0,471.8181105939415,1200.2225105729758,135.8836158510552,,0.8764687641333432,335.96539306640625,423.2108459472656,68.11148401501431,150.34958034682052,1.8578070539764382,15.011494636535645,0.0
760601062.995,760601686.995,760601398.5296342,760601074.855,760601686.015,0.0211177064829048,0.022810043725474634,4.350247535478388e-18,4.698869007447775e-18,24.268383126792763,0.7952305296119633,,,,,,,,,0.15375508273922664,0.016713217665274137,3.167354704428069e-17,3.4429228390464723e-18,22.11292629670066,0.1120353746795999,0.12494055195696419,82.0,84.63282236162483,261.0,253.5028098119859,550.4391845384696,73.00880922585196,,0.969117018683517,512.758056640625,666.654296875,289.5149277313193,150.34958964071387,1.8577211855484868,11.109756469726562,0.0
760612904.995,760614285.995,760613568.8278618,760612907.62,760614283.89,0.04882363568857512,0.014540030657643444,1.0057668951846474e-17,2.9952463154745494e-18,23.3584247091275,0.28302545522852895,0.38385908310037564,,,,,,,,0.15134063127357375,0.011226593169285995,3.117617004235619e-17,2.312678192872915e-18,22.13011114707783,0.0776936244786377,0.08368472873692667,152.0,181.72518201369456,509.0,427.42798529597076,1200.769287695091,123.0992597652396,,0.8366898246089525,379.2573547363281,455.4203186035156,59.17490216848448,150.34972236494588,1.8577771476435114,15.638157844543457,0.0
760624745.995,760626135.995,760625395.4798124,760624757.82,760626120.16,-0.002278777145757055,0.01497746274794183,-4.694280920259533e-19,3.085357326076017e-18,,,,,,,,,,,0.13493442572829994,0.010546232790425235,2.779649170002979e-17,2.1725239548275982e-18,22.25469308733864,0.08170623289529644,0.08835901614104102,160.0,163.70080809699564,591.0,578.0048363930447,1213.1878667243811,166.46539288119692,,0.9775471593321982,620.7338256835938,594.172119140625,293.9833900962369,150.34976513655727,1.8577806992380808,10.268750190734863,32.0
760636589.995,760637975.995,760637321.5242105,760636621.335,760637957.3,0.045651061042330195,0.014581595944319311,9.404118574720019e-18,3.003808764529778e-18,23.43137280986561,0.30095286291032863,0.4177927492227269,,,,,,,,0.1501476608505798,0.011196889674615093,3.093041813521944e-17,2.306559272970709e-18,22.13870357320793,0.0780893270153733,0.08414402316230252,152.0,179.82180114708677,513.0,434.54368623270096,1197.6330508807416,125.14858163501789,,0.8455487335343139,382.981201171875,342.0643005371094,60.38364667529259,150.34973677253123,1.8577723402524995,15.151315689086914,0.0
760655356.995,760655735.995,760655535.6780645,760655369.85,760655734.965,-0.06011375212331564,0.027705799113700028,-1.2383432937403022e-17,5.707394617422206e-18,,,,,,,,,,,0.09644855295573898,0.017106019364557194,1.986840190888223e-17,3.5238399890987814e-18,22.619260709528,0.17727227440033033,0.21197412949705452,31.0,31.7902185592856,184.0,179.18123128572483,329.6080406087003,51.604194610288765,,0.9753157370460885,626.7362670898438,594.9896850585938,299.0490128609131,150.34940914640052,1.8576687620974708,9.935483932495117,32.0
760695800.995,760696905.995,760696363.18,760695812.865,760696904.97,-0.018197344498176563,0.016527163428008255,-3.748652966624372e-18,3.4045956661697004e-18,,,,,,,,,,,0.12308670416404512,0.011277093706858187,2.5355861057793292e-17,2.3230813036127862e-18,22.35447214265235,0.09517781997552532,0.10433002134408298,116.0,119.13185588466098,487.0,474.80732287967305,967.8694111907223,136.74450898934586,,0.9739611275817157,591.8375244140625,608.2420043945312,283.1366598792322,150.3495515520556,1.8578987604843415,10.767241477966309,0.0
760701721.995,760703096.995,760702438.9610596,760701722.06,760703094.13,0.027386177754528798,0.014806936178004305,5.641552617432932e-18,3.0502288526688867e-18,23.986171443274518,0.4692753890953867,0.8446924128274667,,,,,,,,0.14502602870650308,0.011002372666504862,2.9875361913539634e-17,2.2664887693000016e-18,22.176385113220583,0.07939426033905761,0.08566123450740548,151.0,173.74775721994786,562.0,489.36762049853087,1198.0453355140164,140.9378747035769,,0.8693484281646412,351.6756286621094,445.77001953125,66.55929351407924,150.34970502889618,1.8578442390839665,15.503311157226562,0.0
760719484.995,760720858.995,760720144.7861881,760719487.495,760720851.72,0.033963397935741095,0.01597023839979005,6.996459974762666e-18,3.28986911035675e-18,23.752472165996608,0.4184551509797316,0.689759257414412,,,,,,,,0.17098553174718348,0.011898995993933867,3.52230195399198e-17,2.4511931747503764e-18,21.99760159168332,0.07304400462412985,0.07831484630752072,202.0,206.48955580654916,587.0,574.5620870763532,1207.6434403342464,165.47388107798974,,0.978432738755937,568.768798828125,632.7468872070312,287.4961233868218,150.34969953840107,1.857834274048194,10.40099048614502,0.0
760725405.995,760726778.995,760726060.8413782,760725412.945,760726774.05,0.027736004324476014,0.015156061711644951,5.713616890842059e-18,3.1221487125988598e-18,23.972390259095913,0.4733326739752748,0.8584130910299343,,,,,,,,0.1506262873774629,0.011247213253475644,3.1029015199757356e-17,2.3169259302159827e-18,22.135248070558838,0.07818746743141602,0.08425799135373424,156.0,179.35425493577162,585.0,508.0845268788064,1190.7234657275837,146.3283437410963,,0.870060231095132,352.13958740234375,446.0955505371094,66.44861829516923,150.34965723557252,1.8576533773277628,15.602563858032227,0.0
760784613.995,760785794.995,760785214.9100747,760784618.935,760785792.19,-0.00032843289542145083,0.01599827695458646,-6.765717645681887e-20,3.295645052644811e-18,,,,,,,,,,,0.1331071822132862,0.01130551837260233,2.742007953593696e-17,2.32893678475608e-18,22.269496275448482,0.08850974938803802,0.0963706722844897,134.0,138.61876314376764,498.0,482.5027621156101,1041.407088925148,138.96079548929575,,0.9669448909054156,598.6868286132812,608.5977172851562,288.0789189110883,150.34972080670582,1.8577902223196952,10.776119232177734,65.0
760790534.995,760791906.995,760791185.2618887,760790580.045,760791905.51,0.04382872552144988,0.013881479458280084,9.028717457418675e-18,2.859584768405697e-18,23.475602894609057,0.2987344367924081,0.41350487785640766,,,,,,,,0.1365318575493187,0.01071302949250503,2.812556265515965e-17,2.206884075456036e-18,22.241915002627728,0.08201556062914861,0.08872090832461765,135.0,162.421455083736,461.0,382.92288072938055,1189.6231253212484,110.28178965006163,,0.8313802971876222,441.5179748535156,356.7106018066406,59.98094890780223,150.3496287860485,1.8577490593547061,15.496295928955078,0.0
760808296.995,760809668.995,760809020.8645109,760808313.045,760809663.5,0.002837689795245749,0.016033796079879703,5.845640978206243e-19,3.302961992455219e-18,26.447587703993662,2.05710294486207,,,,,,,,,0.1547572304679583,0.01138993876757121,3.187998947639941e-17,2.3463273861196692e-18,22.105872627514703,0.07710499326892162,0.08300216944007133,184.0,184.61165657192626,631.0,629.2588340628811,1192.9113490445227,181.22654421010978,,0.9968943470187538,215.6522216796875,613.8270874023438,282.3227349658625,150.34973253268123,1.857804861562595,9.9945650100708,0.0
760814216.995,760815589.995,760814929.9494157,760814228.56,760815584.665,0.05024846991559533,0.014682328371215777,1.0351184802612638e-17,3.02455964447045e-18,23.32719289533241,0.2783197510983868,0.3752152233222894,,,,,,,,0.1546454350882584,0.011344309261808952,3.185695962818123e-17,2.336927707932644e-18,22.106657238056627,0.07686037819042113,0.08271875597279532,154.0,185.83097032872257,524.0,435.5884704532577,1201.6582980458888,125.44947949053824,,0.8289762672547807,435.5283508300781,359.0926208496094,54.18189163972523,150.3497460787964,1.8576434600300125,15.857142448425293,0.0
760820513.995,760821510.995,760820990.1977679,760820515.86,760821500.575,0.05714418740819505,0.01729509156340603,1.177170260608818e-17,3.562788862061642e-18,23.187569846458246,0.28707524107593585,0.39138397372043343,,,,,,,,0.15692036628226663,0.013522360516672665,3.2325595454146925e-17,2.785606266434569e-18,22.09080171703651,0.08974790096227281,0.09784050384987353,112.0,134.66464966763857,358.0,297.309421872164,858.1719050120319,85.62511349918326,,0.8319698689521644,441.1637878417969,358.8177185058594,58.22746549994342,150.3496996472971,1.8578440369855487,16.026784896850586,0.0
760879340.995,760880721.995,760879993.6101463,760879356.7,760880713.535,0.031725536281215896,0.01500473920041227,6.535460473930475e-18,3.0909762752849276e-18,23.826477569891313,0.4204734230404945,0.6953799890462271,,,,,,,,0.1522255570768842,0.011210095231082868,3.1358464757838146e-17,2.3092796176030707e-18,22.12378106987149,0.07714807171616656,0.08305209483473064,171.0,184.3981417186701,547.0,506.8315039113613,1211.348115648784,145.9674731264721,,0.9276595241040063,140.03060913085938,251.26852416992188,299.50815696983136,150.34976036868738,1.8576033141069528,9.608186721801758,32.0
760885260.995,760886642.995,760885943.1031656,760885262.175,760886634.88,0.05787185592545966,0.015240964905715493,1.192160232064469e-17,3.1396387705773914e-18,23.173831474440988,0.2538153247703008,0.331857500948324,,,,,,,,0.1689102495279265,0.011838625471557883,3.4795511402752857e-17,2.438756847140924e-18,22.010859991253586,0.07354899845165974,0.07889567327617186,169.0,203.56796925589208,558.0,464.6587536515591,1205.1842314177359,133.82172105164904,,0.8304535183057329,437.8033447265625,356.6654052734375,57.50634723776793,150.34966340166125,1.8578366587132018,16.029584884643555,0.0
760903124.995,760904406.995,760903693.8646053,760903135.05,760904396.135,0.02760984509263315,0.015506600782470133,5.687628089082429e-18,3.1943597611888473e-18,23.977340074999393,0.4839474609860801,0.895405425419586,,,,,,,,0.14923334133683863,0.011510114286074239,3.0742068315388756e-17,2.371083542931293e-18,22.145335342611627,0.08066859372960522,0.08714668166780015,152.0,168.1018350005436,528.0,475.69828664432043,1126.4361803781928,137.0011065535643,,0.9046454224899364,209.3467559814453,168.1758270263672,300.15180597442253,150.34974372525986,1.8577015999782807,10.078947067260742,32.0
760909499.995,760910327.995,760909969.7046471,760909506.795,760910321.515,0.03772937797568021,0.018538444496417016,7.772251862990124e-18,3.818919566261905e-18,23.6383008868091,0.43395115822656294,0.733958863033692,,,,,,,,0.14205833254389155,0.014076591236607346,2.926401650404166e-17,2.899777794741113e-18,22.19883321826868,0.10258335723084855,0.11329674462558614,85.0,101.84469838289311,310.0,259.7072546892142,716.9216797010222,74.7956893504937,,0.8349550135652001,450.1373596191406,363.13079833984375,62.23417759267251,150.34971722728028,1.8577092758984135,15.035294532775879,195.0
760922041.995,760922169.995,760922083.2311764,760922042.425,760922148.72,0.08091638593874033,0.04985147557406949,1.6668775503380507e-17,1.0269403968258315e-17,22.809908807150308,0.5211613612596722,1.0394159307778388,0.017385500843049365,0.05526723706240163,3.581413173668169e-18,1.1385050834854736e-17,24.47953198401644,1.5526619471474596,,0.17912463820161173,0.040064063153263954,3.6899675469532016e-17,8.253197009572374e-18,21.947111684469082,0.21915709337834954,0.27487826312179564,17.0,19.989441898772366,45.0,38.05404585837163,111.59515575000617,10.95956520721103,18.04930422440041,0.8507236976552034,376.82147216796875,343.1474304199219,61.39591859657995,150.34926903320917,1.8579143498356512,16.058822631835938,0.0
760956300.995,760957279.995,760956821.5496312,760956308.425,760957269.715,0.03352524270438299,0.01788604558972053,6.906199997102896e-18,3.6845253914824286e-18,23.76657017352739,0.46421639054812047,0.8278936927739728,,,,,,,,0.15454021549634847,0.013394632229273526,3.1835284392247786e-17,2.7592942392303463e-18,22.10739621623741,0.09024827827117576,0.09843555192202658,122.0,133.11329667343526,394.0,361.93163565707954,861.3505309663587,104.23631106923892,,0.9169602078311322,169.03013610839844,222.14559936523438,291.51203380179123,150.3496820253868,1.8579476566286985,9.754097938537598,32.0
760962218.995,760963450.995,760962866.420886,760962225.055,760963443.24,0.06854834178163591,0.016146592116707506,1.4120958407016996e-17,3.326197976041746e-18,22.990007616365443,0.2296511998723858,0.2916279134492079,,,,,,,,0.17402210040641328,0.0127407615801468,3.5848552683721133e-17,2.624596885510241e-18,21.97848898453689,0.07671528582162068,0.08255071561478289,158.0,186.5597859706793,463.0,392.61380268749855,1072.046513258864,113.0727751739996,,0.8472408620218026,383.0932922363281,339.0729675292969,63.22926579592962,150.349781312129,1.857799619734518,15.424050331115723,0.0
760979977.995,760981382.995,760980694.7831177,760979982.2,760981375.085,0.00026312444509310213,0.014949125345597291,5.420363568917904e-20,3.079519821193042e-18,29.029597006772804,4.405080626952557,,,,,,,,,0.13813469704263714,0.010575665341015467,2.845574759078325e-17,2.178587060249186e-18,22.229243051172993,0.08009613100580637,0.08647891417295739,170.0,170.60437347279685,593.0,591.2479149350436,1235.0580782765787,170.27939950129257,,0.996708366931872,112.38817596435547,491.4571228027344,301.8028605505007,150.34967547926726,1.8575999583237404,8.858823776245117,32.0
760985896.995,760987303.995,760986590.716862,760985915.98,760987288.19,0.03752990345752833,0.014291872254515895,7.731160112250837e-18,2.9441256844302742e-18,23.644056381927367,0.35033710775535454,0.5204452917682225,,,,,,,,0.14282531263104373,0.010843268189106336,2.9422014401995005e-17,2.233713246955905e-18,22.192987041592502,0.07944974268912475,0.08572582982854016,145.0,173.49620031978202,530.0,444.1214339379771,1214.7440612853372,127.90697297413743,,0.8360929648778787,400.735107421875,339.9983215332031,60.006181362877705,150.34962863684686,1.8577180462073721,15.158620834350586,0.0
761004677.995,761005066.995,761004870.4561319,761004678.94,761005048.06,0.03514998600941418,0.029735303420992603,7.240897117939321e-18,6.125472504724476e-18,23.715187108760848,0.6655527242841366,2.030880383405215,,,,,,,,0.16931884171117156,0.02221030249750158,3.487968139250134e-17,4.5753223144853254e-18,22.00823677785402,0.1338239482365431,0.15266851473673881,53.0,58.116791604087744,175.0,159.9026163485894,343.238773764026,46.05195350839375,,0.9120913470173584,173.1337127685547,207.27459716796875,297.67665877416283,150.34993846797965,1.8576659479814548,11.169811248779297,32.0
761039169.995,761039933.995,761039582.6284313,761039171.255,761039914.75,0.011153496846074473,0.020743774558742354,2.2976203502913414e-18,4.273217559100925e-18,24.961472377982616,1.140856212230986,,,,,,,,,0.15065353107736318,0.014947325288074832,3.103462740193681e-17,3.0791490093434153e-18,22.135051711761456,0.10270815752465268,0.11344901768133298,102.0,101.58548510817282,325.0,326.6135288811523,674.2987328720952,94.06469631777189,,1.004376030530335,149.5243682861328,543.9697265625,288.9036591131062,150.3497329342043,1.8577298797282398,9.686274528503418,0.0
761045088.995,761046109.995,761045690.8242645,761045104.77,761046107.715,0.02872289590803601,0.016247217530929333,5.9169165570554174e-18,3.3469268113714424e-18,23.93442943914911,0.48673939688676526,0.9054101355484043,,,,,,,,0.1321750337307396,0.012168611479268548,2.722805694853236e-17,2.506733964729321e-18,22.277126425229913,0.0956205968286028,0.10486235394806442,102.0,117.98228677527172,370.0,320.63753539328326,892.6215749308554,92.34361019326559,,0.8648309505195823,356.8788757324219,448.71966552734375,65.06179498904224,150.3497433467195,1.8577212006190489,15.813725471496582,0.0
761062845.995,761064278.995,761063581.3563536,761062853.94,761064262.595,0.016108767940197947,0.014824263645920335,3.318406195680777e-18,3.053798311059589e-18,24.56234418700832,0.708400399609534,2.745816911711625,,,,,,,,0.14715560342100092,0.01078154663275299,3.031405430472619e-17,2.220998606347116e-18,22.16055799023971,0.07676873270293783,0.08261261008323828,181.0,186.29082949210692,594.0,576.0348021569129,1265.9445183282835,165.89802302119094,,0.9717651715336694,686.5280151367188,417.3359680175781,287.05198004071354,150.34971002137135,1.8577378986251052,10.79557991027832,0.0
761068783.995,761070199.995,761069447.3232335,761068802.795,761070193.075,0.023031338942578177,0.014471176351271414,4.744455822171104e-18,2.981062328361911e-18,24.17420203324073,0.5293530253337302,1.0745929324505212,,,,,,,,0.13883636970148328,0.010685404164853439,2.8600292158505555e-17,2.2011932579598085e-18,22.223741877000734,0.08050297874281398,0.08695341633086073,150.0,168.82027028862797,551.0,488.9408020075291,1215.9657491161292,140.8149509781684,,0.888756611788084,337.55877685546875,458.66009521484375,85.67329291208364,150.3497763592594,1.8577193581553468,15.946666717529297,0.0
761087318.995,761087962.995,761087649.9620329,761087330.905,761087945.45,0.03660068892067276,0.02268203891387131,7.539741917658589e-18,4.67250001625749e-18,23.671276849927168,0.523597297554133,1.0497303641545521,,,,,,,,0.1646717874198889,0.01701173136287116,3.392238820849711e-17,3.504416660751458e-18,22.038452001125325,0.10674083251671007,0.11839042647433828,91.0,93.70038321063254,260.0,253.03512645952975,569.0129722811007,72.87411642034458,,0.9713109213379384,688.0732421875,427.3844299316406,289.3719058013389,150.34960661511928,1.8577923908218918,10.725275039672852,0.0
761093544.995,761093883.995,761093694.3953922,761093568.17,761093882.315,0.11256363827610447,0.032016602357186494,2.318810948487752e-17,6.595420085580418e-18,22.451504695256574,0.2717770533392745,0.36337139654072104,,,,,,,,0.20823893359422663,0.026502124558685565,4.2897220320410684e-17,5.4594376590892265e-18,21.783595172361927,0.13006781721197314,0.147797581712382,51.0,61.73941079203727,119.0,98.49356862072153,296.48351404037817,28.366147762767806,,0.8264118515111056,438.2784118652344,352.6553649902344,60.883095183576536,150.34981504385294,1.8576284859667482,16.66666603088379,0.0
761116113.995,761116289.995,761116200.1112499,761116118.23,761116286.04,-0.00405477198711297,0.03703257898105562,-8.352830293452718e-19,7.628711270097458e-18,,,,,,,,,,,0.1041507609908642,0.02593478265626164,2.1455056764118026e-17,5.3425652271898974e-18,22.535843881191074,0.24141647188170623,0.3109174141099871,16.0,16.12722590600438,59.0,58.177385853310284,154.8450126775263,16.755087125753366,,0.9921566465871863,682.1705322265625,472.50115966796875,291.3359356657222,150.349613008583,1.8579472953879663,8.25,0.0
761133868.995,761134923.995,761134367.7282826,761133869.165,761134923.18,0.033701167540777136,0.01582027217546057,6.94244051340009e-18,3.258976068144877e-18,23.76088763300462,0.4178707886511184,0.6881392124898618,,,,,,,,0.13064641339433183,0.011986282956112867,2.6913161159232358e-17,2.4691742889592507e-18,22.289756270896575,0.09530400153234098,0.10448167559385979,99.0,118.80259631589871,367.0,306.0993932829781,909.3444912055506,88.15662526549771,,0.8335710385903735,392.9972839355469,452.3388977050781,52.8052861488505,150.3497798150772,1.8577508218044023,15.393939018249512,0.0
761139787.995,761141108.995,761140443.6121668,761139802.265,761141096.19,0.017594616373247468,0.015206864850167081,3.6244909728889785e-18,3.1326141591344185e-18,24.466550494819636,0.6762841340249537,2.168476678276683,,,,,,,,0.1439422217904382,0.011097341141581443,2.9652097688830267e-17,2.286052275165777e-18,22.184529495335006,0.08063583383548689,0.08710844725711553,150.0,168.243591277506,576.0,512.7726534871887,1168.827250161857,147.67852420431038,,0.8917818584151557,250.52362060546875,142.39395141601562,297.83227538994487,150.34970535144774,1.8576404320196471,10.0,32.0
761157541.995,761159012.995,761158289.596294,761157558.135,761158997.085,0.05606543967794241,0.014288483041272003,1.1549480573656136e-17,2.9434275065020324e-18,23.208261919154968,0.2464827125944531,0.31939608245004436,,,,,,,,0.1584673823884432,0.011136393251769712,3.26442807720193e-17,2.2940970098645607e-18,22.08015028955377,0.07373907977795113,0.07911444898192599,170.0,202.48397194679205,542.0,454.32483273031585,1277.764350587007,130.84555182633096,,0.8397913333454141,381.1661682128906,455.3329162597656,58.45036220243093,150.34969085562085,1.8577699279527062,15.929411888122559,0.0
761163632.995,761164933.995,761164287.1479739,761163635.495,761164929.4,0.03820154252135841,0.014948501154147295,7.869517759399832e-18,3.0793912377543427e-18,23.624797751425632,0.35855681576693144,0.5390028380240963,,,,,,,,0.1477810784774428,0.011327550910564994,3.044290216635321e-17,2.3334754875763887e-18,22.155952920923486,0.08018725743721333,0.08658516048299703,153.0,170.20237571961945,487.0,438.21148462130816,1151.7196753006444,126.20490757093678,,0.8993129171520039,212.3904571533203,166.6138916015625,299.4435108004636,150.34967749259013,1.8576634341056115,9.941176414489746,32.0
761182387.995,761182695.995,761182549.503718,761182390.99,761182690.895,0.09438742050715618,0.031214443325409732,1.9443808624474172e-17,6.430175325034405e-18,22.64271470621366,0.31020491630483704,0.4359569323586996,,,,,,,,0.1768492986399999,0.025777847319527564,3.643095551983998e-17,5.310236547822678e-18,21.960991645495024,0.14773571388347406,0.17105235092768112,39.0,47.06666097485747,92.0,76.20277412109554,266.13993573515876,21.94639894687552,,0.828895945325458,438.37506103515625,354.12347412109375,59.81054201534979,150.34976428953118,1.8577789323508136,16.0256404876709,0.0
761188456.995,761188616.995,761188556.6683332,761188463.82,761188611.84,-0.04013256219799833,0.047249063936894736,-8.267307812787656e-18,9.733307171000315e-18,,,,,,,,,,,0.12170535673705023,0.030955539664510555,2.5071303487832345e-17,6.376841170889174e-18,22.36672576580232,0.2460452862128193,0.3186598384801016,15.0,15.457620045176478,74.0,71.37082743170926,127.00854308798705,20.55479830033227,,0.9705707292141184,105.27113342285156,358.2306213378906,297.67395886719623,150.34989644204356,1.8577260463721987,10.0,32.0
761210805.995,761211418.995,761211145.2422,761210817.425,761211401.945,0.05860324988417323,0.02254893052202919,1.2072269476139685e-17,4.645079687538013e-18,23.16019574802528,0.35344623050918145,0.5274109986999207,,,,,,,,0.16556926745150405,0.01757536863958219,3.410726909500983e-17,3.620525939753931e-18,22.03255068178343,0.1095361908934187,0.12183978930574568,75.0,88.74636395619041,236.0,199.07841778775398,536.0074687905749,57.33458432287316,,0.8453198071446811,466.7354736328125,383.0666198730469,68.85029269015277,150.34982056321704,1.8576886053028132,16.293333053588867,0.0
761222640.995,761223748.995,761223206.2149999,761222641.395,761223745.615,0.03933037697387795,0.016124698304755655,8.102057656618858e-18,3.3216878507796646e-18,23.593179727359153,0.3730329752870887,0.5728345870422977,,,,,,,,0.1471917565628638,0.012249490006768015,3.032150185194994e-17,2.523394941394211e-18,22.16029127967546,0.08679298262009993,0.09433871906858471,126.0,144.3879534596827,421.0,367.38460681853053,980.9513578161315,105.80676676373682,,0.872984547659308,300.8791198730469,121.94800567626953,295.1912268759789,150.3496206170783,1.857670072612255,9.603174209594727,32.0
761234476.995,761235979.995,761235175.8244011,761234477.475,761235955.465,0.05152259750292239,0.013913464963343414,1.0613655085602011e-17,2.8661737824487432e-18,23.300005625536105,0.25954852133309814,0.341761083291491,,,,,,,,0.15197528096561835,0.010795755585407343,3.130690787891738e-17,2.2239256505939128e-18,22.125567612592725,0.07451043545721348,0.08000309354887136,167.0,198.17087304852708,540.0,454.8161973599488,1303.9678017990284,130.98706483966527,,0.8429435945896704,453.4912109375,379.8544921875,57.158998701723405,150.34972670326462,1.8576615655744417,15.604790687561035,65.0
761246328.995,761247821.995,761247084.6733131,761246329.585,761247819.825,0.025809305880315825,0.014053665463894192,5.31671701134506e-18,2.8950550855622035e-18,24.05055918821435,0.47198335678352166,0.8538250784645953,,,,,,,,0.14248881794840718,0.010420511518559893,2.935269649737188e-17,2.1466253728233378e-18,22.19554804078519,0.0766330004313609,0.08245543739785077,166.0,186.97497825858687,598.0,531.6243004740838,1312.208080259936,153.10779853653617,,0.8881077444117292,250.72265625,145.801513671875,294.789070029005,150.34972237643268,1.8576972152090132,10.58433723449707,32.0
761258816.995,761259661.995,761259245.9324096,761258866.42,761259661.26,0.03562255371367638,0.017705822420795176,7.338246065017334e-18,3.647399418683806e-18,23.700687375011547,0.4380832737192293,0.7461656740267202,,,,,,,,0.1343145507941814,0.013442918738388382,2.7668797463601365e-17,2.7692412601080066e-18,22.259692340120658,0.1035659522404444,0.1144966944776975,83.0,99.82951959635999,305.0,254.69790146981967,743.2517103030409,73.35299562330808,,0.8316217295139107,424.3854064941406,362.43780517578125,44.78355200179014,150.34984920500054,1.8578846176117982,15.674698829650879,0.0
761271162.995,761271502.995,761271315.5523529,761271164.905,761271501.425,0.04394591463096192,0.039314618976694825,9.052858413978154e-18,8.098811509199134e-18,23.472703730696097,0.6938017054599221,2.4430400030002275,,,,,,,,0.17557372006554342,0.029721597091262684,3.616818633350194e-17,6.122649000800113e-18,21.96885122227987,0.1697988300444706,0.20136689035094335,34.0,34.8959267879378,93.0,90.83858881778805,198.75370172091135,26.161513579522964,,0.9744514464544483,622.37255859375,594.4774780273438,295.416729850235,150.34974551269286,1.857786091474207,10.558823585510254,32.0
761293653.995,761294072.995,761293868.4200001,761293659.155,761294067.09,0.027353611108609066,0.025699591341008632,5.6348438883734675e-18,5.294115816247778e-18,23.987463329540383,0.7192423403892079,3.0461849314381126,,,,,,,,0.1323580678809631,0.019190900362493424,2.7265761983478398e-17,3.9533254746736455e-18,22.27562395288065,0.147006412892825,0.17007493214834568,41.0,47.567479145556185,152.0,131.03127361243958,359.384810515187,37.7370068003826,,0.8622572251286652,356.8435974121094,444.7746887207031,62.187199923810304,150.3497497923014,1.8577493223566066,16.170732498168945,0.0
761299595.995,761300250.995,761299939.6891875,761299597.305,761300246.405,0.009620867378076393,0.022157195243339287,1.981898679883737e-18,4.564382220127893e-18,25.121964429954573,1.2972829712522227,,,,,,,,,0.14543258865195954,0.01593322831926136,2.9959113262303666e-17,3.2822450337678402e-18,22.17334566378385,0.11287451649827673,0.12598527819740468,80.0,83.3136017453586,282.0,270.1462486714336,572.8674880754523,77.80211961737291,,0.9604353343446949,101.27281951904297,314.147705078125,310.8191514393135,150.3495335484472,1.857673578670664,9.112500190734863,32.0
761317322.995,761318861.995,761318061.3018038,761317324.605,761318858.665,0.04564035114852797,0.013281996626265766,9.401912336596762e-18,2.7360913050107477e-18,23.431627557146314,0.2773276648489258,0.3734063706445667,,,,,,,,0.1415323593284233,0.010254833038589154,2.91556660216552e-17,2.1124956059493656e-18,22.20286063407559,0.07594845363637148,0.08166340454118526,158.0,190.48215901414883,539.0,448.113971293788,1345.8558870776567,129.05682373261098,,0.8297286024852747,436.9049072265625,354.7216796875,58.413170327611354,150.34968181105936,1.857749168732841,15.544303894042969,0.0
761323239.995,761324781.995,761323977.7833333,761323244.685,761324770.66,0.0024989873354065275,0.014021899904631313,5.147913910937446e-19,2.8885113803540503e-18,26.585589862061823,2.0506732796174134,,,,,,,,,0.1350594063912673,0.009961165123086946,2.7822237716601063e-17,2.052000015355911e-18,22.253687908521737,0.07726193930705705,0.08318408129134625,180.0,183.8355058853873,640.0,626.5070155219935,1361.1455195709627,180.43402047033413,,0.9792584618453889,575.4160766601562,626.1928100585938,286.24113483747385,150.3496935535674,1.8576497468432724,11.050000190734863,0.0
761341455.995,761342539.995,761341994.813876,761341457.89,761342538.065,0.06549694344324763,0.016486314811080555,1.3492370349309012e-17,3.3961808510825944e-18,23.039447417070342,0.24376035320952383,0.31482690042228967,,,,,,,,0.1606242326032208,0.013065318710544973,3.308859191626349e-17,2.6914556543722645e-18,22.065472335501966,0.08490656867695634,0.09211403964258835,129.0,151.1409386955498,365.0,310.8019124430756,940.959755860145,89.51095078360578,,0.8537905078616249,366.6443176269531,451.5812072753906,61.42656176735274,150.3495237327992,1.857858210301387,16.178295135498047,0.0
761347701.995,761348459.995,761348058.0875288,761347718.135,761348455.61,0.0025044851372043172,0.019724336646215614,5.159239382640894e-19,4.063213349120417e-18,26.583203853187616,2.3704949630930052,,,,,,,,,0.1319234984389286,0.01401388198163142,2.7176240678419288e-17,2.8868596882160727e-18,22.279194600720544,0.10961096669645087,0.1219323325971402,87.0,88.6191148609027,308.0,301.8636679560463,671.7462461922747,86.93673637134135,,0.9819044690735735,633.781005859375,544.3027954101562,274.73051425680137,150.3496789295463,1.8577586314873968,10.448275566101074,0.0
761359891.995,761360298.995,761360111.0141001,761359906.905,761360291.675,0.06430068787203007,0.027293294468771465,1.3245941701638194e-17,5.6224186605669215e-18,23.05946095270387,0.38412830712370294,0.5998178051370715,,,,,,,,0.16512599627032587,0.021506147679875236,3.4015955231687126e-17,4.430266422054298e-18,22.035461372748614,0.13292748544897037,0.15150246589762872,50.0,58.95296524825395,146.0,124.98769955309115,357.018074560124,35.99645747129026,,0.8484027268942611,366.3689880371094,452.9337463378906,62.71384589556154,150.34969606762675,1.857778988874808,15.760000228881836,0.0
761366048.995,761366218.995,761366148.6161538,761366068.94,761366201.94,-0.07053928393207812,0.040686218719834355,-1.4531092490008093e-17,8.381361056285877e-18,,,,,,,,,,,0.08899163816817307,0.02434663924189683,1.8332277462643652e-17,5.015407683830746e-18,22.706626996534546,0.2625685156883435,0.34703567202274144,13.0,13.360427711416468,85.0,83.16173623511366,150.13127060509248,23.95058003571274,,0.9731311881244398,661.4505004882812,522.365234375,288.6686938156291,150.3499996008647,1.8578896265253488,10.84615421295166,0.0
761388329.995,761389060.995,761388713.1070887,761388351.95,761389056.055,-0.005957493558071911,0.020236858552385318,-1.2272436729628137e-18,4.168792861791375e-18,,,,,,,,,,,0.12767482225585508,0.014145558216603259,2.6301013384706146e-17,2.9139849926202714e-18,22.314736845201615,0.11408346058996699,0.12749359849490816,79.0,81.46486516544326,305.0,296.0629676338492,638.0652326438412,85.2661346785486,,0.9699335722841423,685.2824096679688,427.0496520996094,286.5619251482525,150.34967745994206,1.8577917619873465,10.797468185424805,0.0
761400163.995,761401734.995,761400952.145091,761400171.46,761401733.43,0.052376492065222935,0.01302108832503985,1.0789557365435925e-17,2.682344194958209e-18,23.282158979922684,0.24106318090933243,0.3103300898123038,,,,,,,,0.14335072367267662,0.010184458862225595,2.953024907657138e-17,2.0979985256184727e-18,22.18900027569404,0.07452004981953309,0.08001417840437597,165.0,198.11796703694517,525.0,436.5659717554091,1382.0506933004585,125.73099986555785,,0.8330699495198052,438.0323791503906,362.6814880371094,53.28351714145265,150.34976043474518,1.8576594788847678,15.915151596069336,0.0
761411997.995,761413573.995,761412773.8383727,761412001.38,761413571.56,0.037261619331854755,0.013232241341019432,7.67589358236208e-18,2.725841716250003e-18,23.651845688172223,0.32994213158882246,0.4762979891297334,,,,,,,,0.14104537611455661,0.010043412325472454,2.905534747959866e-17,2.0689429390473256e-18,22.20660286683869,0.07468346350225019,0.0802026181369655,169.0,197.2218921356784,588.0,503.88701557255087,1398.2868320014643,145.1194604848947,,0.8570925257343248,389.5094909667969,103.85874938964844,296.32700027644927,150.34967995405577,1.8576763347185121,9.721893310546875,32.0
761424064.995,761425412.995,761424674.8985366,761424065.065,761425354.39,0.02516965913360534,0.013658090602405354,5.1849497815227e-18,2.813566664095503e-18,24.07780666488323,0.470662219180884,0.8493570768604215,,,,,,,,0.12268245562859137,0.010194765586323363,2.527258585948982e-17,2.1001217107826127e-18,22.358043849263954,0.0866701927314324,0.09419365437824467,123.0,144.81396079681937,471.0,399.6659001252656,1180.396659447614,115.1037792360765,,0.8495632937449696,467.28851318359375,398.239990234375,67.31152680510051,150.34966485329446,1.857820752352602,16.268293380737305,0.0
761436523.995,761437250.995,761436891.4505633,761436539.445,761437225.57,0.02291842113193376,0.019024365798786767,4.721194753178354e-18,3.919019354550074e-18,24.179538261406826,0.6561814719626788,1.9244564425966288,,,,,,,,0.12825271483307427,0.014096754258784252,2.64200592556133e-17,2.903931377309556e-18,22.309833582605773,0.11322321194710128,0.1264199353857549,71.0,82.77417787059814,275.0,236.05087180914003,645.3990309548757,67.98265108103234,,0.8579986639019965,392.7396545410156,103.63860321044922,296.4503164498857,150.34949643456343,1.8576066718952415,10.309859275817871,32.0
761648674.995,761650319.995,761649387.5671495,761648675.26,761650318.725,0.029757749686717464,0.015837380998361118,6.1300964354637974e-18,3.26250048566239e-18,23.89599978425965,0.4632959463200166,0.8248733708732665,,,,,,,,0.13179080014762384,0.01188999050773666,2.714890483041051e-17,2.449338044593752e-18,22.280287263136735,0.09378403611622232,0.10265744757009898,107.0,122.85905589593592,377.0,330.27101568693143,932.2278623266333,95.11805251783626,,0.871124940808897,347.15582275390625,428.03277587890625,59.81925770430088,150.3496387331286,1.857853104719192,15.411214828491211,0.0
761666418.995,761668073.995,761667254.9875977,761666423.09,761668069.94,0.030855346469212317,0.013000416778526883,6.356201372657737e-18,2.6780858563765376e-18,23.856673931516283,0.38174061574994056,0.593930707575808,,,,,,,,0.13799104170637566,0.009754103961272038,2.8426154591513386e-17,2.00934541602204e-18,22.23037276703624,0.07415581842560925,0.07959438630398452,179.0,200.13683440857113,603.0,539.5327819377642,1450.3610664410553,155.3854411980761,,0.8947173637262612,232.45687866210938,154.98033142089844,296.8254293322186,150.34970851017533,1.8577902360425114,10.195530891418457,32.0
761678251.995,761679909.995,761679101.206656,761678253.29,761679909.79,0.023225973337874524,0.01261793074624854,4.784550507602152e-18,2.599293733727199e-18,24.165065192107555,0.4711034583837552,0.8508466709667992,,,,,,,,0.12710799933132078,0.00936004566873132,2.618424786225208e-17,1.9281694077586516e-18,22.319567792455814,0.07714521751270098,0.0830487868479608,154.0,184.4122771492091,628.0,523.3170334671911,1450.8314041551273,150.71530563855106,,0.8353931018762607,388.2757263183594,455.21612548828125,56.447135510135794,150.3497002392031,1.8578740926158996,15.922078132629395,0.0
761696738.995,761697663.995,761697237.8749083,761696757.28,761697660.16,0.053941912033539534,0.017403071925614053,1.1112033878909143e-17,3.585032816676495e-18,23.25018415884861,0.3035927704697272,0.4229289487662733,,,,,,,,0.15163641386422866,0.013571867204332752,3.12371012560311e-17,2.7958046440925467e-18,22.127991237503235,0.09307076887824195,0.10180333445552847,109.0,124.8325398633334,319.0,279.2556294560356,823.2359014709042,80.42562128333826,,0.8734372983368439,296.04852294921875,125.29000091552734,293.72009324870857,150.34978060739058,1.857722520852786,9.917430877685547,32.0
761709227.995,761709499.995,761709376.7898148,761709232.82,761709497.125,0.050778298154905685,0.030818670983515695,1.0460329419910571e-17,6.348646222604233e-18,23.31580464671792,0.5149897154498468,1.0138142913295844,,,,,,,,0.13715878860274414,0.02414064134273185,2.825471045216529e-17,4.972972116602761e-18,22.236940898158313,0.1760229794953858,0.21018864308652496,27.0,32.28120025090992,84.0,70.5909799653506,235.35641120604114,20.330202230020976,,0.8366299746544216,453.62298583984375,383.2210998535156,56.18679649620342,150.34980742722695,1.8579267292696755,16.44444465637207,65.0
761725584.995,761727252.995,761726531.0498667,761725599.175,761727245.465,0.011128800276303752,0.018154724422628735,2.292532856918573e-18,3.739873231061519e-18,24.963879129025017,1.0504375020305723,,,,,,,,,0.12089579873812549,0.013143362565660014,2.490453454005385e-17,2.7075326885259627e-18,22.37397197771887,0.11205123208999979,0.12496027753567063,75.0,84.60761273209943,300.0,266.73348136597247,699.8391475568928,76.8192426334001,,0.8867819279550136,233.90957641601562,159.54397583007812,292.24155824576593,150.34966945217434,1.8577619876813307,10.333333015441895,36.0
761731505.995,761733170.995,761732414.3914762,761731513.585,761733156.2,0.04227685439466112,0.015756558380474368,8.70903200530019e-18,3.2458510263777197e-18,23.51474333450558,0.34393861176250695,0.5063107473267543,,,,,,,,0.13541707809099396,0.012128316788810949,2.7895918086744754e-17,2.4984332584950556e-18,22.25081640314179,0.0931305507527469,0.1018748738787032,105.0,124.66536510361776,354.0,297.72627475098096,920.6029760873179,85.74516712828253,,0.8426757580403876,453.1721496582031,380.13226318359375,56.762703119921404,150.3496776799725,1.8577412754674152,15.704761505126953,65.0
761755167.995,761756841.995,761756001.239484,761755171.07,761756836.67,-0.00888398389328477,0.012608817656799732,-1.830100682016663e-18,2.597416437300745e-18,,,,,,,,,,,0.11315163440604117,0.00874576674808778,2.330923668764448e-17,1.8016279501060826e-18,22.44584792136552,0.08083403782221055,0.08733981137830682,155.0,167.38860194182536,676.0,626.8435604581739,1479.3299524172712,180.53094541195412,,0.9262831091747972,142.51168823242188,248.5286865234375,298.7369905171313,150.34957499876376,1.857634010257802,9.50967788696289,32.0
761761083.995,761762758.995,761761946.142622,761761084.075,761762740.035,0.04227621137578212,0.012455549062202946,8.708899543411117e-18,2.5658431068138066e-18,23.5147598483687,0.2803583918113297,0.37894693949123237,,,,,,,,0.13459630200763306,0.009592824635748058,2.772683821357241e-17,1.9761218749641e-18,22.25741718014157,0.07474845840890865,0.0802775836899805,164.0,196.86714597552304,561.0,468.86072173169237,1462.6489958420889,135.03188785872743,,0.8333669242031007,446.8805236816406,363.1826477050781,59.60957079759304,150.34979691830767,1.8576117158357182,15.52439022064209,65.0
761791801.995,761792346.995,761792068.1113334,761791815.305,761792326.535,-0.02521257936784882,0.021361111408306464,-5.193791349776857e-18,4.4003889501111314e-18,,,,,,,,,,,0.09800407002560559,0.0142178196463164,2.018883842527475e-17,2.928870847141178e-18,22.60188972013208,0.14708366360233072,0.17017839183455763,45.0,47.5140687918563,219.0,207.42209545668953,484.8173017655519,59.73756349152659,,0.9474041821550151,122.81126403808594,309.7558288574219,291.50918642364365,150.3498421627561,1.8576493364842792,9.933333396911621,32.0
761798138.995,761798264.995,761798190.2614286,761798149.2,761798233.455,-0.0039104342037440615,0.03730298624822787,-8.055494459712766e-19,7.684415167134941e-18,,,,,,,,,,,0.07496756729417191,0.026039810136114866,1.5443318862599412e-17,5.3642008880396625e-18,22.892816454572692,0.32369919250094625,0.4632952748913759,7.0,8.288409687600367,36.0,30.28037172119174,110.55993927449639,8.720747055703225,,0.8447361246841759,458.4775390625,380.2205505371094,61.73207590759651,150.34965714879243,1.8577458129257558,15.0,65.0
761808415.995,761810099.995,761809586.9269513,761808426.47,761810098.7,0.029210404625703377,0.021874884632726504,6.0173433528948954e-18,4.506226234341659e-18,23.916156067725904,0.6068957097616732,1.5002666695197426,,,,,,,,0.11553153902406953,0.016549268332128456,2.379949703895832e-17,3.409149276418462e-18,22.42324860318844,0.14534789050892627,0.16785786562551408,41.0,48.735286331489554,150.0,126.43508782020513,421.83534248025705,36.413305292219086,,0.8416624833412165,452.1353759765625,383.569091796875,54.66326163518831,150.34974275011407,1.8576226287702748,15.07317066192627,68.0
761832081.995,761833768.995,761832937.5851537,761832082.52,761833761.845,0.005757460911369758,0.01318494208558254,1.1860369477421702e-18,2.716098069630003e-18,25.679422504678996,1.2930101844989998,,,,,,,,,0.13290683972822717,0.009425801087560868,2.7378808984014798e-17,1.9417150240375388e-18,22.27113167142436,0.07439293956574744,0.07986764401864832,195.0,198.81910828507318,674.0,660.4387476894603,1495.928341172101,190.2063593345646,,0.9809474410292085,576.2268676757812,625.9752197265625,286.567110501686,150.34964814460696,1.8577563250377314,10.984615325927734,0.0
761868173.995,761869273.995,761868702.7157787,761868194.565,761869268.96,0.015490476009069765,0.015690203954518263,3.1910380578683717e-18,3.232182014630762e-18,24.60483809134504,0.7595520456110201,,,,,,,,,0.12821815124917857,0.011445733776999697,2.6412939157330786e-17,2.3578211580619376e-18,22.310126223522087,0.09283652009670007,0.10152309835280704,122.0,125.49075749412843,394.0,383.08953926623167,978.7284894651949,110.32978730867474,,0.9724356992637628,601.2850952148438,607.9774169921875,289.43098578830666,150.34979157213508,1.8578746983781467,10.024590492248535,65.0
761880727.995,761881107.995,761880912.1871667,761880751.675,761881096.575,0.01195060567621729,0.024226018898549515,2.4618247693007618e-18,4.9905598931012e-18,24.886525208510697,1.2025953159714255,,,,,,,,,0.10406257469764563,0.017644445293922586,2.1436890387715e-17,3.634755730548053e-18,22.53676358267628,0.17005265470326236,0.2017242638446497,30.0,34.783486793642886,124.0,106.90601128236966,334.2554890142445,30.78893124932247,,0.8628084075838721,357.7438049316406,443.1203918457031,60.373456208686775,150.34980616565474,1.857784241586973,15.133333206176758,0.0
761886810.995,761887024.995,761886919.6171429,761886819.315,761887011.045,0.028439625898902234,0.03822539378130692,5.85856293517386e-18,7.874431118949226e-18,23.94519030177472,0.9249353309118007,,,,,,,,,0.15304792694762287,0.0283799733969103,3.152787295121031e-17,5.846274519763521e-18,22.117931371493068,0.18469155782283764,0.22268155224294617,28.0,29.08244629438503,86.0,82.21630797472758,190.02182436837467,23.67829669672155,,0.9629731038901027,95.77025604248047,316.072998046875,315.593850962432,150.34984301280718,1.857686434272551,9.785714149475098,32.0
761892534.995,761892942.995,761892713.3419739,761892554.535,761892941.88,0.03340028434528493,0.025193584347585566,6.880458575128695e-18,5.1898783756026265e-18,23.770624589777782,0.6102550235019066,1.5239540158699967,,,,,,,,0.12844708389524276,0.019099379736030302,2.6460099282420008e-17,3.934472225622242e-18,22.30818937743493,0.15051138959469768,0.1747864497745617,38.0,45.22826947230299,139.0,116.20658322654911,352.11596947728054,33.46749596924615,,0.8404469259890522,409.44024658203125,338.71929931640625,62.00356870214617,150.34968425941074,1.8577725716738216,16.657894134521484,0.0
761898511.995,761898860.995,761898707.4320314,761898513.65,761898860.72,0.01792344437544817,0.02685759424967736,3.692229541342323e-18,5.5326644154335365e-18,24.44644631906344,0.994181724391261,,,,,,,,,0.11911932315869074,0.019748585044089467,2.4538580570690292e-17,4.06820851908243e-18,22.390044457323732,0.16654919152472303,0.19680925337035404,32.0,36.38249388782944,123.0,107.31998082059506,305.4289843416982,30.908154476331383,,0.8799066198880192,289.07415771484375,168.07931518554688,257.08315100658825,150.34956095735407,1.85787524404693,10.53125,0.0
761914914.995,761915660.995,761915257.1369566,761914918.895,761915644.33,0.012275525795391571,0.02029762837906077,2.5287583138506635e-18,4.181311446086519e-18,24.857399741872634,1.0595492790765135,,,,,,,,,0.14262980164249484,0.014671745257648148,2.9381739138353935e-17,3.0223795230755183e-18,22.194474304431903,0.1063067881498938,0.11785660867098358,92.0,94.50548185648792,308.0,299.9021064477271,662.5928155839989,86.37180665694541,,0.973625719809405,632.55615234375,582.116943359375,295.3793240081155,150.34971188021134,1.8578474380941787,9.82608699798584,32.0
761926747.995,761928445.995,761927575.2373728,761926752.655,761928437.545,0.044240051944382366,0.012762453088971113,9.113450700542767e-18,2.6290653363280492e-18,23.46546092944231,0.275195783459381,0.3695350792893919,,,,,,,,0.1433840508099007,0.009813040571797105,2.953711446683954e-17,2.0214863577902035e-18,22.188747885800183,0.07187418531987788,0.07697158748457511,177.0,213.49833993581098,618.0,512.5870155484627,1488.996431122372,147.62506047795728,,0.8293943256543607,431.89495849609375,349.87744140625,59.410093902058804,150.34971494439205,1.8577319897078697,16.344633102416992,0.0
761938611.995,761939928.995,761939273.2268244,761938616.005,761939917.575,0.015471319569291642,0.014756485369214659,3.1870918312740784e-18,3.0398359860582197e-18,24.60618160792648,0.7271981355049597,3.338305085968088,,,,,,,,0.13330377019949252,0.010751015069480042,2.7460576661095458e-17,2.2147091043128887e-18,22.26789391840683,0.08421314196268526,0.09129838372224341,148.0,153.7396627586017,490.0,471.8629882688948,1153.3031851126666,135.89654062144172,,0.9628044091541159,536.9641723632812,604.0574951171875,245.76135950279004,150.34972273066404,1.8576935316971552,12.25,0.0
761957501.995,761958032.995,761957784.8378813,761957511.83,761958032.32,0.06195513193252659,0.022580053299612143,1.2762757178100477e-17,4.651490979720102e-18,23.099806784653715,0.3374005561890101,0.4921396301104437,,,,,,,,0.15042567689931044,0.01791766073981261,3.098768944125795e-17,3.6910381124013975e-18,22.136695063884034,0.12218489741661287,0.13769955612201557,59.0,70.48250493779521,172.0,143.93472113337424,468.5536830588682,41.453199686411786,,0.8373048790866441,410.2607116699219,338.232421875,62.614023280741584,150.3497081873369,1.8575917236480544,15.016948699951172,0.0
761975461.995,761975782.995,761975622.9862962,761975467.745,761975773.095,-0.03807960951048587,0.028573614022342826,-7.84439955916009e-18,5.886164488602622e-18,,,,,,,,,,,0.09729645593784124,0.018477411737569047,2.0043069923195294e-17,3.8063468179392236e-18,22.609757446982538,0.18878380217250523,0.22866464280185994,27.0,27.727567394264415,137.0,133.95660994232745,284.98024030781175,38.57950366339031,,0.9739429853992688,648.3151245117188,533.9315795898438,282.1312975773887,150.3496641710402,1.8579830945975109,11.0,0.0
761997747.995,761999450.995,761998567.2188303,761997748.535,761999448.945,0.03145771490784567,0.012480192872402126,6.480289271016208e-18,2.5709197317148378e-18,23.835682069424593,0.3627805019141235,0.5487191696451212,,,,,,,,0.13256824190506244,0.009400077138872979,2.7309057832442863e-17,1.9364158906078334e-18,22.27390125802772,0.0743798584313744,0.07985256600928992,171.0,198.8914704170988,611.0,526.720895994735,1500.2949994579633,151.6956180464837,,0.8600405062835242,359.4373779296875,443.3420104980469,59.36207697875646,150.34975973196092,1.8577521728208732,16.140350341796875,0.0
762009582.995,762009671.995,762009624.0378572,762009588.09,762009669.255,0.003949623067616175,0.04881552982790544,8.13622351928932e-19,1.0055999144548521e-17,26.088610873253746,2.8144788755426298,,,,,,,,,0.09573864759301876,0.03487939716760892,1.9722161404161863e-17,7.185155816527437e-18,22.627281779168744,0.33728972531852364,0.49190172319261904,7.0,7.534191178380748,27.0,25.08115975968271,78.69540011060424,7.223374010788621,,0.9293070274374303,133.42446899414062,263.28228759765625,299.59013103836696,150.3496564839077,1.857313288614274,10.857142448425293,32.0
762015498.995,762017202.995,762016276.1657225,762015515.605,762017196.93,0.0395775117284157,0.012266239403890314,8.152967416053634e-18,2.5268453172014044e-18,23.58637878433039,0.2931198273048139,0.40276638397191533,,,,,,,,0.133409032906608,0.009398556031035751,2.7482260778761247e-17,1.9361025423933646e-18,22.267036910143794,0.07391512738159278,0.0793171459618982,173.0,201.48754352698978,572.0,492.0613292654004,1510.2991089669292,141.71366282843536,,0.8589016668281904,424.5445251464844,147.5008087158203,253.68932834045498,150.34977911615098,1.8577735878130235,11.219653129577637,0.0
762033588.995,762034953.995,762034281.8030406,762033591.33,762034935.505,0.005046098250249556,0.014225356960472372,1.0394962395514085e-18,2.9304235338573083e-18,25.82261074447188,1.4548970194505202,,,,,,,,,0.12507754324203404,0.010161860426688447,2.5765973907859013e-17,2.09334324789782e-18,22.337051644262445,0.08480976200871382,0.09200010091435473,148.0,151.49986067418047,518.0,504.8187042342713,1211.2474929333825,145.38778681947016,,0.9770761211920936,586.2386474609375,573.2974243164062,254.39502959527317,150.34974034186806,1.8576782237029945,11.554054260253906,0.0
762080583.995,762082288.995,762081400.290607,762080589.855,762082287.69,0.042669731208821934,0.012549211925874942,8.789964629017318e-18,2.585137656730238e-18,23.50470023225253,0.27992045771538443,0.3781436304850381,,,,,,,,0.13885370675638684,0.009645537738174467,2.860386359181569e-17,1.98698077406394e-18,22.223606305226205,0.07291691557683322,0.07816876419852647,173.0,207.23450435396953,597.0,498.4422235593963,1492.4664900559983,143.55136038510616,,0.8350637684209827,399.3651428222656,457.27899169921875,57.282509841270844,150.34965586866204,1.8576517903685144,15.699421882629395,0.0
762116259.995,762117790.995,762117034.4056864,762116266.6,762117787.745,0.03479675456434501,0.013091251246158815,7.168131440255071e-18,2.696797756708716e-18,23.72615315022866,0.3467200307070506,0.5124221974425183,,,,,,,,0.132521480101558,0.009931802066504021,2.729942490092095e-17,2.045951225699828e-18,22.27428430557258,0.07846545550038186,0.0845809333502281,153.0,178.03953197118926,530.0,455.87118068112966,1343.4767845540846,131.29090003616537,,0.8597270771056541,345.90374755859375,104.9395980834961,299.9784080685361,150.3496991526843,1.8576823639224016,9.424836158752441,32.0
762205016.995,762206544.995,762205796.250298,762205024.8,762206537.64,-0.006268244039090746,0.013166192599781662,-1.2912582720526936e-18,2.7122356755550222e-18,,,,,,,,,,,0.11494797870936845,0.009185521964749286,2.3679283614129898e-17,1.892217524738353e-18,22.428746652832896,0.0834691604575859,0.09042452107190257,151.0,156.60116829834993,593.0,573.4055838495641,1362.3655679435335,165.14080814867447,,0.9644748566549053,698.0466918945312,352.5880126953125,301.79418001256005,150.34965308787352,1.8578046404316355,10.10595989227295,32.0
762287846.995,762289381.995,762288573.5473809,762287894.905,762289371.86,0.038233320723022005,0.01279514946187621,7.876064068942533e-18,2.635800789146499e-18,23.62389495014905,0.31342632148835037,0.4423903326989489,,,,,,,,0.1294068852433483,0.009800326541631394,2.6657818360129752e-17,2.018867267576067e-18,22.30010653977799,0.0792608771972958,0.0855059724232703,147.0,174.35470660157443,506.0,426.53309875485866,1347.3371704581423,122.84153244139931,,0.8434140632559903,457.47564697265625,380.28985595703125,60.76133452385642,150.3496619952665,1.8578133972918778,15.510204315185547,65.0
762909114.995,762910729.995,762909938.7568856,762909128.255,762910725.55,0.037030956499913656,0.012938939405890653,7.628377038982212e-18,2.6654215176134744e-18,23.658587675232216,0.32535878710254806,0.4667294181581063,,,,,,,,0.13865267258735384,0.009828993800770926,2.856245055299489e-17,2.0247727229588108e-18,22.2251793870012,0.07436146931590315,0.0798313704006155,175.0,198.9932605495946,578.0,506.41219995398535,1435.1923899932403,145.8467135867478,,0.8797492860500014,279.8619079589844,129.860107421875,295.6496621364152,150.34962447866715,1.857640148789719,9.994285583496094,32.0
762926870.995,762928486.995,762927661.8262277,762926871.95,762928484.515,0.036020366902976934,0.013169190961384811,7.420195582013249e-18,2.712853338045271e-18,23.688629669440385,0.33831196684649356,0.4940989451681794,,,,,,,,0.14037247934769811,0.009973814215367598,2.891673074562581e-17,2.054605728365725e-18,22.211795073090045,0.07452688821947362,0.08002206284945856,167.0,198.08034922747748,607.0,511.29103706122146,1411.1052974767144,147.25181867363182,,0.8434126737979711,377.1806945800781,460.1020812988281,64.28826390795307,150.3497805847904,1.8577819404339442,15.335329055786133,0.0
762932790.995,762934404.995,762933587.3521823,762932792.52,762934401.92,0.04592211321822557,0.013430318431940739,9.459955322954468e-18,2.7666455969797922e-18,23.42494533757172,0.27854162897498824,0.3756204083616659,,,,,,,,0.15021522661701092,0.010317922924845227,3.0944336683104247e-17,2.1254921225181166e-18,22.138215106735444,0.07212692252182862,0.07726153274796488,181.0,211.95484865799534,597.0,510.966635736832,1411.0077482251243,147.15839109220767,,0.8541754712468552,415.77685546875,449.5021667480469,51.95549712237642,150.34972483431767,1.8577117534417158,15.60221004486084,0.0
763785026.995,763785784.995,763785360.7057893,763785037.01,763785779.725,0.019423080879327502,0.018621625859668273,4.001154661141465e-18,3.836054927091664e-18,24.359204703478817,0.7299403053938249,3.461097413239184,,,,,,,,0.12608357979367388,0.01370589946041649,2.5973217437496818e-17,2.823415288845797e-18,22.32835367272941,0.11203989034819983,0.12494616908675837,76.0,84.62564237900895,279.0,248.57335297454995,671.1868628531355,71.5891256566704,,0.8983411266958109,235.8671417236328,159.42840576171875,291.22892562435874,150.34970226773316,1.8577951937456927,10.355262756347656,0.0
763826447.995,763828131.995,763827293.7479783,763826455.16,763828131.25,0.04656815900909313,0.012718551562457341,9.593040755873184e-18,2.6200216218662123e-18,23.409777327006044,0.2621707142002663,0.34633858163369524,,,,,,,,0.14384246721050062,0.009823528360696002,2.9631548245363126e-17,2.0236468423033766e-18,22.185282191135066,0.07172662615554515,0.07680237159513581,183.0,214.4071383854148,589.0,503.45166332987486,1490.5691103841336,144.994079039004,,0.853848351618088,379.43792724609375,105.5207290649414,295.19627342901975,150.3496104829657,1.8577663515191356,10.005464553833008,32.0
763861951.995,763863639.995,763862789.8877957,763861954.79,763863612.1,0.056567238570212494,0.012874264213538048,1.1652851145463774e-17,2.652098427988838e-18,23.198587553988233,0.22263533108372968,0.2803834212873575,,,,,,,,0.14981436427046527,0.010107437573780197,3.0861759039715843e-17,2.0821321401987205e-18,22.141116360711482,0.0708855465813798,0.07583879165566287,186.0,219.69732853477132,560.0,474.80390958547224,1466.4637106368773,136.743525960616,,0.8468513769442643,410.0986328125,452.9983215332031,53.951871793464996,150.3496101526615,1.8576711326423159,15.27419376373291,0.0
763867868.995,763869461.995,763868430.0259444,763867873.89,763869448.12,0.0637303597664601,0.01880064788004568,1.3128454111890781e-17,3.87293346328941e-18,23.069134074656,0.28067694359820194,0.3795318411662194,,,,,,,,0.15400937336566428,0.014927771596496423,3.172593091332684e-17,3.075120948878263e-18,22.111132115488335,0.10044499131751294,0.11069367525034579,90.0,106.43987224469483,257.0,216.64641573157692,691.1259355102677,62.394167730694164,,0.8457871201742129,389.18023681640625,337.70709228515625,63.22557731582283,150.34968077576977,1.857623478525721,15.377778053283691,4.0
763891557.995,763892627.995,763892128.6322047,763891564.985,763892624.35,0.02234453451713169,0.01673973575298376,4.6029741105291284e-18,3.4483855651146547e-18,24.207071720404194,0.6070767398935502,1.5015282190653956,,,,,,,,0.14127295693569933,0.012334550248095462,2.910222912875406e-17,2.5409173511076653e-18,22.204852411684925,0.09088351486938251,0.0991918401594063,127.0,131.18114992706,395.0,383.44719796830145,928.5651887839183,110.43279301487084,,0.9684361242416872,114.45986938476562,403.6919860839844,285.56399799871383,150.34974957002493,1.857869327113038,9.086614608764648,32.0
763938880.995,763940570.995,763939638.7962924,763938894.435,763940561.275,0.024481817875496036,0.011928293617648137,5.043254482352183e-18,2.4572284852355162e-18,24.107890842951768,0.4309458649764899,0.725194991734341,,,,,,,,0.11788344674349167,0.008909848571532502,2.4283990029159285e-17,1.8354288057356955e-18,22.401367936216396,0.0791086591052661,0.08532883629704813,147.0,175.05116484527974,575.0,481.5863201068696,1484.951192733464,138.69686019077847,,0.8400194429368347,406.6886291503906,338.5053405761719,61.85734311756421,150.349590100595,1.857682621746506,15.748299598693848,0.0
794753719.995,794753834.995,794753779.6321,794753729.768,794753833.827,0.02290083843114058,0.049828254899064596,4.71757271681496e-18,1.0264620509207307e-17,24.1803715431293,1.2546419769230326,,,,,,,,,0.12333759433953975,0.036992890056620334,2.540754443394519e-17,7.620535351663789e-18,22.352261316506326,0.28480157819861773,0.3871494173636272,10.0,11.11615063582833,35.0,31.431068040388503,90.12783730179093,9.05214759563189,,0.8998533617630182,621.65576171875,287.7745056152344,248.44685204893287,150.3495204090843,1.8571357495843308,12.699999809265137,0.0
822468015.995,822468800.995,822468409.8818423,822468026.84,822468771.215,0.06514922381210564,0.01976108508870412,1.3420740105293761e-17,4.070783528273049e-18,23.045226885263276,0.2876279373438422,0.39241718083234645,,,,,,,,0.1672915098213606,0.015571186405824205,3.446205102320028e-17,3.2076643995997862e-18,22.021315248181235,0.09662804556487359,0.10607535232332665,95.0,115.42619884411782,299.0,244.7054144664789,689.9704531770544,70.47515936634595,,0.8233776853176605,393.96356201171875,336.82879638671875,63.458959568661406,150.34978170678355,1.8577451308948332,14.442105293273926,0.0
822516067.995,822516625.995,822516344.1483065,822516081.625,822516596.17,0.04427947478177813,0.022225658652582622,9.121571805046294e-18,4.57848568243202e-18,23.464493847799023,0.4416317706872732,0.7567967787509353,,,,,,,,0.14385409712217218,0.017085584890674202,2.9633944007167465e-17,3.519630487478885e-18,22.185194411038033,0.12185225830283386,0.13727710537992266,62.0,70.88996631594533,194.0,170.38003949176203,492.79073543341633,49.06945137362747,,0.8750447357670477,200.0111541748047,185.6360626220703,293.16793157278084,150.3496921318848,1.8577835959338673,9.483870506286621,32.0
822562724.995,822563991.995,822563309.4312239,822562737.455,822563971.785,-0.0012917203565074125,0.015319754503919559,-2.6609439344052695e-19,3.155869427807429e-18,,,,,,,,,,,0.1307658075946649,0.010806049302194117,2.6937756364500973e-17,2.226046156251988e-18,22.28876449924594,0.08620682032163529,0.09364654568855002,143.0,146.43824360979647,526.0,513.4888130972706,1119.8511774860249,147.88477817201397,,0.9766829431921048,149.43263244628906,557.80224609375,296.11746749394723,150.34968081876,1.8577659485970506,8.902097702026367,32.0
822834934.995,822836336.995,822835630.5900325,822834939.99,822836334.425,0.04562249437969872,0.013855031644121909,9.398233842217937e-18,2.8541365186891132e-18,23.43205243411685,0.28793467332855016,0.39299124300650234,,,,,,,,0.14297798433627645,0.01068648731962132,2.9453464773272946e-17,2.201416387841992e-18,22.191827074472886,0.07826074212605505,0.08434309807839924,154.0,179.00633089192672,492.0,423.2209714112751,1251.985273976961,121.88763976644725,,0.860996867728738,242.68272399902344,149.53631591796875,295.7715036515705,150.34971882362942,1.8577889498598252,9.753246307373047,32.0
823012545.995,823012656.995,823012591.8768889,823012550.311,823012634.836,-0.004723685980285512,0.04643050372987924,-9.730793119388154e-19,9.564683768355123e-18,,,,,,,,,,,0.10231535589822068,0.03245882249272209,2.1076963315033458e-17,6.68651743350075e-18,22.55514795185393,0.29916468427112264,0.41433447265530177,9.0,9.93610372921728,40.0,36.093169639456036,97.11253645153057,10.39483285616334,,0.9059582640252332,642.1278686523438,324.0440368652344,253.7621191467641,150.34940211725947,1.8578935092570619,11.777777671813965,0.0
823290793.995,823292045.995,823291418.2803462,823290815.775,823292042.06,0.0043427886638739074,0.014667787236866838,8.94614464758025e-19,3.0215641707945686e-18,25.985578261240164,1.603066444872134,,,,,,,,,0.1225561061510386,0.010464811554756826,2.524655786711395e-17,2.1557511802799062e-18,22.359162614709106,0.08896246392933094,0.09690767261713873,130.0,137.15355971658767,485.0,459.3524608755506,1119.1083335134613,132.29350873215859,,0.9479783186396079,533.529541015625,658.9178466796875,291.3221406846545,150.34970540872325,1.8577707370595946,9.669230461120605,32.0
823563139.995,823564199.995,823563740.556875,823563140.805,823564195.38,0.029022341279391593,0.01611314032632037,5.978602303554668e-18,3.3193069072219963e-18,23.923168888110144,0.479464090210179,0.8795827084723733,,,,,,,,0.13612725640857265,0.012054306406060276,2.8042214820165965e-17,2.483187119648417e-18,22.24513727107168,0.0921226980952099,0.10066995820216107,112.0,127.5280532469471,396.0,348.3995233568677,936.8296740234307,100.33906272677791,,0.8786168670956747,205.54931640625,230.208251953125,258.14783759483663,150.3497153169473,1.8577596694947638,10.214285850524902,0.0
823575338.995,823576031.995,823575698.289557,823575346.26,823576031.08,0.061682812984894954,0.01994676644511515,1.270665947488836e-17,4.109033887693721e-18,23.104589572316517,0.3042084696750642,0.42413215769479606,,,,,,,,0.15358920277475963,0.01577723868866191,3.1639375771600483e-17,3.2501111698643535e-18,22.114098284657114,0.10616669145246149,0.11768440960281268,79.0,94.76749052462951,237.0,196.90280971300234,617.0192227874712,56.70800919734469,,0.8338490144565041,456.1675720214844,152.95472717285156,253.3498825202586,150.34966606108173,1.8577495742353156,11.531645774841309,0.0
825893532.995,825895224.995,825894354.0954521,825893536.56,825895220.9,0.038451201778628874,0.012469487801074918,7.920947566397547e-18,2.568714487021433e-18,23.617725204827337,0.30496089567063933,0.42560530145940234,,,,,,,,0.13668163192489685,0.009511544275298411,2.815641617652875e-17,1.9593781207114727e-18,22.24072461134278,0.07304236561004629,0.07831296211393024,177.0,206.49913806511984,602.0,515.3017837698995,1510.8038670374228,148.4069137257311,,0.8575836630848254,261.916015625,186.04080200195312,254.64823806349548,150.34966057451004,1.857710517921215,10.299434661865234,0.0
826651095.995,826651208.995,826651175.5714285,826651123.695,826651208.53,0.032683561763903295,0.05162978178118115,6.732813723364078e-18,1.0635735046923317e-17,23.794176553381487,1.0289173336387911,,,,,,,,,0.14821554018015132,0.03870374314465693,3.053240127711117e-17,7.972971087799328e-18,22.152765647088366,0.251900915109573,0.3285820889563915,14.0,14.66498234987597,42.0,39.691501306259966,98.94362178251448,11.43115237620287,,0.9551235893509877,412.10028076171875,652.60009765625,252.88975093992926,150.35019435268927,1.8577229847193129,12.214285850524902,0.0
826727882.995,826729452.995,826728645.1067964,826727886.185,826729441.62,0.06666096805472985,0.012849885512766704,1.3732159419274348e-17,2.647076415629941e-18,23.020320959445446,0.1913869987829102,0.2324997179707502,,,,,,,,0.14788670109837113,0.010323797783164597,3.046466042626445e-17,2.1267023433319068e-18,22.155177196841368,0.07326544681608382,0.07856947018359861,167.0,205.20090133261908,482.0,391.3373452110307,1387.5547957224617,112.70515542077686,,0.8141060756532316,408.6637878417969,339.951171875,60.670610504209186,150.34967662147434,1.8577619517965605,15.149700164794922,0.0
826835286.995,826835973.995,826835640.3916883,826835319.98,826835971.29,0.05009374727762947,0.020013441749425615,1.031931193919167e-17,4.122769000381677e-18,23.330541198919292,0.3649475845883181,0.5537531933113549,,,,,,,,0.1483609307937217,0.015522449835619474,3.056235174350667e-17,3.1976246661376117e-18,22.151701126594798,0.10803841187965091,0.11998912168866127,77.0,91.3521070201642,249.0,210.09467271214123,615.7423422152729,60.50726574109668,,0.8432342335755637,309.09674072265625,119.10648345947266,295.23646485782797,150.34955905631088,1.8578770362645551,9.168830871582031,32.0
826869910.995,826870609.995,826870275.8547298,826869924.645,826870608.19,0.03411951784227467,0.019832157724177648,7.028620675508581e-18,4.085424491180595e-18,23.74749278666274,0.4975051292269477,0.9451272347914639,,,,,,,,0.13926606322811474,0.014970310705579973,2.868880902499164e-17,3.0838840053494745e-18,22.220386752163076,0.11085376841897343,0.12347252775217754,74.0,86.54240699520805,265.0,226.87476447950417,621.4177739299882,65.33993217009721,,0.8553137452791644,550.4242553710938,145.7084503173828,295.45160152541905,150.34976368447505,1.8576870449390066,10.297297477722168,32.0
826881745.995,826883294.995,826882428.9809835,826881759.585,826883266.715,0.02675025385863702,0.011919148914427209,5.510552294879226e-18,2.455344676372005e-18,24.01168023047304,0.40009889220693395,0.6403859996267656,,,,,,,,0.11004107436077232,0.008992302393342934,2.2668461318319095e-17,1.8524142930286444e-18,22.476112945317904,0.08528483005368415,0.0925594547843609,122.0,149.7503471622142,484.0,393.56608676436235,1360.8586433030823,113.34703298813639,,0.8148963106006899,411.5321350097656,339.2619934082031,61.82309910242791,150.34954657359972,1.8576828667088174,15.286885261535645,0.0
853276694.995,853277041.995,853276900.2280489,853276697.96,853277036.815,0.011333577481883886,0.03004677414871562,2.3347169612680807e-18,6.189635474635418e-18,24.944082454952447,1.4060678968871905,,,,,,,,,0.143204806042652,0.021679550417508676,2.9500190044786316e-17,4.465987386006787e-18,22.19010601647441,0.15305465035059385,0.1782276253395061,41.0,43.63295672983013,149.0,139.51297971383752,304.68919260177984,40.17973815758521,,0.9398056159453942,535.0684814453125,663.3635864257812,295.9795150597296,150.3495666112765,1.8576925839400595,9.634146690368652,32.0
853638020.995,853638203.995,853638121.9484783,853638025.16,853638194.275,0.02533979611037763,0.04111297391037366,5.219997998737791e-18,8.469272625536974e-18,24.07049220967072,1.0467749316958042,,,,,,,,,0.15041355684378363,0.030378867387791046,3.0985192709819426e-17,6.2580466818849555e-18,22.13678254704195,0.1997331175983419,0.24495051987674188,23.0,24.514938395162133,75.0,70.78113880125979,162.9835694971487,20.384967974762823,,0.9385817329355965,242.2865753173828,641.085693359375,288.08997876998455,150.34944148926527,1.8576960573173564,10.1304349899292,65.0
853684171.995,853685560.995,853684810.3744594,853684207.47,853685558.255,0.005198227980809087,0.014188087686773154,1.070834964046672e-18,2.9227460634752696e-18,25.790361693466814,1.429099893668031,,,,,,,,,0.1274577308241961,0.010136375660966698,2.6256292549784395e-17,2.0880933861591397e-18,22.316584544220298,0.0830841250484724,0.08997277874278353,148.0,158.1127782192621,564.0,526.61221089164,1240.5114793495648,151.66431673679233,,0.9362411838512199,542.7824096679688,655.2357177734375,292.45869475519703,150.3496354706206,1.8576375229932875,8.912161827087402,32.0
853720696.995,853721078.995,853720904.179375,853720705.57,853721077.47,0.07321135467380827,0.025913575563453792,1.5081539062804504e-17,5.338196566071481e-18,22.918553892649356,0.3290111293378395,0.4743442355675498,0.006653615016399125,0.029501492931501522,1.3706446933782197e-18,6.0773075438893136e-18,25.522355828434463,1.837779984784465,,0.1490022179613714,0.0210975603392183,3.0694456900042505e-17,4.34609742987897e-18,22.147018167203953,0.1437775361428848,0.1657659340159512,40.0,49.879373612108886,110.0,88.09527669256767,334.755913667272,25.371439687459493,47.652036638103915,0.8022227316856136,447.5907287597656,364.218994140625,59.54122810451772,150.34919466924515,1.8577602398402362,15.524999618530273,65.0
853803386.995,853803944.995,853803671.2906731,853803392.785,853803934.165,0.04293682686473469,0.020970955613313573,8.844986334135346e-18,4.320016856342596e-18,23.497925135313952,0.4318095061194924,0.7277037803309518,,,,,,,,0.1303895044523522,0.016224396420652973,2.686023791718455e-17,3.342225662654512e-18,22.291893413033918,0.12733128535595029,0.1442731070668195,52.0,64.5874548915797,186.0,150.41327234849354,495.3424369764491,43.31902243636615,,0.8053228237586006,378.5866394042969,452.89886474609375,57.06857194136832,150.34943687068278,1.8577200731367376,14.519230842590332,0.0
853849800.995,853851292.995,853850564.7516667,853849842.865,853851290.315,0.031779387125439,0.012217070166555119,6.546553747840433e-18,2.5167164543103546e-18,23.82463620635263,0.35318047481347037,0.526813065413851,,,,,,,,0.1147474550600697,0.009307182189364,2.3637975742374357e-17,1.917279531008984e-18,22.430642344337862,0.08467485219859228,0.09184135273816096,123.0,152.00213701765315,471.0,381.61472198058425,1324.6667382564679,109.9050399304083,,0.8094745846768624,378.9267883300781,341.0630798339844,62.591060134340516,150.34972800061578,1.8577318415821458,14.0,0.0
853886058.995,853886800.995,853886409.5354034,853886063.955,853886800.425,-0.014643829938786507,0.017971447988288536,-3.0166289673900204e-18,3.702118285587438e-18,,,,,,,,,,,0.09995745843073454,0.012266412377129412,2.0591236436731316e-17,2.5268809496886586e-18,22.58046198749492,0.12567509809948874,0.14214988564740594,62.0,66.40416013981527,283.0,264.3486492136667,664.3242153443707,76.13241097353603,,0.9338321816296218,253.51031494140625,654.4512939453125,293.6063500999422,150.34971747689283,1.8577337045642743,8.919354438781738,97.0
854287478.995,854289141.995,854288404.1161005,854287481.26,854289136.83,0.04829244711322129,0.012103134185740933,9.948244105323586e-18,2.4932456422626322e-18,23.370301967818172,0.2428148819340663,0.3132471874699405,,,,,,,,0.1324999359551945,0.009463870453357417,2.7294986806770065e-17,1.949557313391628e-18,22.27446082911628,0.07490491752797368,0.08045808430636825,159.0,196.01701127706738,533.0,432.5500070307634,1479.374385081601,124.57440202485989,,0.8114315309928167,375.816650390625,342.087158203125,62.759315191604266,150.349696428434,1.8577301288485604,14.528302192687988,0.0
884330447.995,884331057.995,884330765.8835247,884330484.195,884331057.66,0.030776305645324315,0.020837363775537875,6.339918962936809e-18,4.292496937760802e-18,23.859458784047533,0.5613706237677007,1.2271908396106,,,,,,,,0.1310204610953395,0.015684032731066624,2.6990214985639934e-17,3.2309107425997244e-18,22.286652191263226,0.12276073446242464,0.1384315626401893,61.0,69.7851099471476,213.0,185.39167023022748,532.6275710201261,53.39280102630552,,0.874428234834231,224.01744079589844,288.61822509765625,208.2684827918557,150.3497629955776,1.8578370159897555,11.131147384643555,0.0
884365946.995,884367210.995,884366615.4314054,884365964.925,884367209.77,0.04180380235274762,0.01736716015598949,8.61158328466601e-18,3.577634992133835e-18,23.526960535651305,0.3772321201939093,0.5829356395963394,,,,,,,,0.18839124669181906,0.01302418566799214,3.8808596818514726e-17,2.6829822476063808e-18,21.892348199741022,0.07258005709165971,0.07778174101021662,185.0,209.2282307995663,638.0,565.280296823692,1110.6048421763116,162.8007254852233,,0.8843251871068486,659.0557250976562,202.91439819335938,325.5036146425384,150.34974917734945,1.8578057580897305,8.54594612121582,32.0
884372017.995,884373130.995,884372570.1074811,884372020.13,884373124.03,0.021155474869171863,0.016024794853423563,4.3580278230494036e-18,3.3011077398052537e-18,24.266443054436497,0.6122243944792594,1.5381196207395966,,,,,,,,0.13848261008202983,0.011790481902890311,2.8527417676898146e-17,2.428839271995404e-18,22.226511898982356,0.08871495509603378,0.0966140222653813,133.0,137.95179911623748,421.0,405.82435510465643,996.1669485758686,116.87741427014107,,0.9643428298614696,219.99330139160156,609.4050903320312,276.1392826108972,150.349626523547,1.8577794932039227,9.669173240661621,0.0
885454227.995,885455929.995,885455114.8924084,885454229.35,885455915.96,0.04834880268175079,0.012994178144091695,9.959853352440663e-18,2.676800697682889e-18,23.369035690981775,0.25844788031808363,0.3398487354096531,0.02574498958116969,0.01355476965471669,5.303467853720957e-18,2.792282548871638e-18,24.053268198982177,0.4592429233401951,0.8117029487882377,0.15239432519435647,0.010017064239050515,3.1393230990037435e-17,2.063515233244406e-18,22.122578011996673,0.06911921641842511,0.0738204036240333,218.0,231.44972686652793,583.0,548.6795644319526,1518.7555479598598,158.01971455640236,192.34938110795767,0.9421472353085817,211.81187438964844,499.62652587890625,212.9324195124778,150.34966018630308,1.8577421335712623,11.587156295776367,0.0
885483801.995,885485503.995,885484619.391361,885483802.69,885485503.3,-0.0022795061391280027,0.012308252825689337,-4.695782646603686e-19,2.5355000820920032e-18,,,,,,,,,,,0.1146956986088219,0.008660325752447703,2.362731391341731e-17,1.784027105004227e-18,22.43113217245436,0.07903308261598951,0.08524090792932526,169.0,175.3984721355876,644.0,621.1264180214717,1529.2506542359272,178.88440839018392,,0.9637062115118994,204.0955352783203,613.7308349609375,289.93004175315696,150.34956218727172,1.8576785742032798,8.609467506408691,0.0
885507744.995,885509164.995,885508484.6109602,885507761.645,885509162.265,0.005827611079161304,0.014133134030071942,1.2004878823072286e-18,2.91142561019482e-18,25.666273599277343,1.3367154715641192,,,,,,,,,0.12904710491265137,0.010108407344633372,2.658370361200618e-17,2.0823319129944745e-18,22.30312933530829,0.08188037124514835,0.08856271851594144,151.0,162.97877999465064,582.0,540.3432483834982,1262.9402271749277,155.61885553444753,,0.9267555223042109,701.2481689453125,510.8615417480469,320.9995961549757,150.34955491858028,1.8575788501833563,7.119205474853516,32.0
885560699.995,885562399.995,885561618.988743,885560705.32,885562398.835,0.059510828402819,0.012295797685667643,1.2259230650980714e-17,2.5329343232475343e-18,23.143510010564317,0.20392131409802872,0.25128929802182043,,,,,,,,0.1445865230861532,0.009756090912399646,2.9784823755747555e-17,2.0097547279543268e-18,22.17968046438942,0.0708950927244345,0.07584971917964722,179.0,219.6362151569623,548.0,448.7341823480607,1519.0642285940444,129.2354445162415,,0.8151992206622796,470.33209228515625,198.58944702148438,213.33732457382882,150.34969592725287,1.8577621681889431,12.21229076385498,0.0
885596524.995,885597888.995,885597154.3547988,885596525.195,885597868.575,0.03833786485893909,0.015591116441932307,7.897600160941453e-18,3.211769987038055e-18,23.620930194594404,0.37048573634073634,0.5667714947334943,0.03456005911412379,0.01569120984498199,7.1193721775095e-18,3.2323892280662904e-18,23.733563808356426,0.4064313912483932,0.657072653645205,0.16581133270221327,0.011723020971303505,3.415713453665593e-17,2.4149423200885222e-18,22.030964475148323,0.07417048365770285,0.07961128274881446,174.0,200.0549658487589,615.0,534.0260456888718,1206.5216688659336,153.7995011583951,158.35750565028096,0.870017317075405,630.5534057617188,168.5228271484375,326.7056082464454,150.34956912958398,1.8578092628385054,8.436781883239746,32.0
885608483.995,885609719.995,885609149.6589353,885608549.125,885609706.065,-0.017257701846560954,0.01399725518181301,-3.555086580391556e-18,2.8834345674534797e-18,,,,,,,,,,,0.10034551899020878,0.009497617843088967,2.067117691198301e-17,1.956509275676327e-18,22.576255041281467,0.09818735808818602,0.10795771300832868,108.0,111.62631428804808,468.0,454.25041225740944,1112.4195221805571,130.82411873013393,,0.9677258737935435,177.25709533691406,568.6813354492188,279.40614615051055,150.3496796273143,1.8577896046334532,8.851851463317871,0.0
885951113.995,885952805.995,885951954.9856775,885951118.31,885952795.135,0.033141238811923025,0.011947764842645531,6.827095195256143e-18,2.4612395575849795e-18,23.77907815446228,0.3342547511505458,0.4854164686229403,,,,,,,,0.12433110145354107,0.009074689960614404,2.561220689942946e-17,1.8693861318865672e-18,22.343550547259564,0.07648725622991037,0.0822867184853564,155.0,187.7136998951338,581.0,478.0466317264547,1509.7887632345714,137.67742993721896,,0.8260140912780756,424.80548095703125,189.50668334960938,211.94987199805348,150.34960597497758,1.8577346742723517,11.96129035949707,0.0
886950876.995,886952581.995,886951753.3906593,886950877.3,886952579.795,0.020464502490352626,0.012586300415758261,4.215687513012641e-18,2.5927778856462018e-18,24.302497022406403,0.5204520581676597,1.0364351870975916,,,,,,,,0.13127641310636895,0.009268394755204782,2.7042941099912004e-17,1.909289319572185e-18,22.28453324528565,0.07407026059754074,0.07949582123991306,182.0,200.6154416426325,649.0,587.9922631022612,1528.1910656720977,169.34177177345123,,0.9074110808365755,114.1605453491211,289.3359069824219,306.51384196886613,150.34970267654552,1.8577452527028369,7.758241653442383,32.0
887879671.995,887881248.995,887880449.2707671,887879674.72,887881218.45,0.016530386398732,0.01332251812786564,3.4052595981387918e-18,2.744438734340322e-18,24.534292486628576,0.6417589667080641,1.7801661985138466,,,,,,,,0.13308427583769716,0.009727342366725695,2.7415360822565614e-17,2.0038325275454932e-18,22.269683135549403,0.07659198602692285,0.08240795265560408,176.0,187.18243308064564,605.0,569.2101362733067,1406.4954849280905,163.93251924671236,,0.9404971144649775,689.7890014648438,437.6583251953125,292.22562315188435,150.3495962697738,1.8577512611282165,9.045454978942871,32.0
888216989.995,888217941.995,888217431.3794143,888216992.85,888217934.725,0.06237675286173632,0.016939080565222347,1.2849611089517682e-17,3.489450596435804e-18,23.092443092500204,0.26084282257114566,0.3440167199475326,,,,,,,,0.15212901834578707,0.013433671761062685,3.133857777923214e-17,2.7673363827789128e-18,22.124469842819185,0.09187602861642574,0.10037543179534225,111.0,128.24329285371465,304.0,262.7093498935626,842.9903397011311,75.66029276934604,,0.8658471707635598,222.97760009765625,164.09317016601562,294.93891304727117,150.3497451310306,1.8576799755531161,9.486486434936523,32.0
888951033.995,888952286.995,888951687.0599619,888951047.095,888952267.975,0.011483419148634268,0.01457601498043029,2.365584344618659e-18,3.00265908596864e-18,24.92982195748052,0.8897344098193898,,,,,,,,,0.12456729435472758,0.010552876211535693,2.566086263707388e-17,2.1738924995763527e-18,22.341489921193503,0.08829038315928273,0.09611064072659659,131.0,139.3369742732661,467.0,439.20830024084705,1118.5678792739868,126.49199046936397,,0.9402754381130456,589.6087036132812,621.37060546875,291.4728211197574,150.34961030688282,1.8578505032574257,8.732824325561523,32.0
889300162.995,889301343.995,889300778.5649028,889300172.335,889301326.415,0.015887206045844416,0.014061298597703864,3.2727644454439495e-18,2.8966275111269957e-18,24.57738117982005,0.6883190361769174,2.348921919742473,,,,,,,,0.11190616450480348,0.010315705918535343,2.3052669887989517e-17,2.1250354192182804e-18,22.45786497276135,0.09573728692041072,0.10500272532952692,103.0,117.68202052761237,401.0,350.6070207970904,1051.613385628644,100.97482198956206,,0.8756155098538178,612.9067993164062,203.4635467529297,289.7514152684924,150.34981252832273,1.8575788662459078,9.73786449432373,0.0
889649040.995,889650330.995,889649671.9088591,889649067.77,889650327.43,0.027256341876503883,0.01455046768103459,5.6148064265597994e-18,2.9973963422931258e-18,23.991331080117547,0.46444864534466745,0.8286575425189184,,,,,,,,0.1360436495840205,0.010846332762094322,2.802499181430822e-17,2.2343445489914303e-18,22.245804314883035,0.08328476146975916,0.09020813173921027,149.0,157.32244939930354,462.0,436.81562673169174,1156.411562614992,125.80290049872724,,0.9472292318871682,585.6558837890625,620.1471557617188,287.98068924056753,150.34965816949608,1.8578399066919922,8.818792343139648,0.0
889678204.995,889679903.995,889679092.6412128,889678205.5,889679902.855,0.023693815812588635,0.01303437061721842,4.880926057393259e-18,2.6850803471469945e-18,24.14341247979906,0.475911190331999,0.8672510175879715,,,,,,,,0.14117256536700368,0.009629591708117948,2.908154846560276e-17,1.9836958918722972e-18,22.205624233199295,0.07164311752311292,0.07670662857555399,202.0,214.92397604941868,661.0,621.0139945153638,1522.4202768483017,178.85203042042482,,0.9400242381674593,593.8726806640625,618.2503051757812,291.92432584009026,150.3497085233132,1.857659595295171,8.767326354980469,32.0
890157370.995,890159003.995,890158161.2974412,890157375.105,890158991.36,0.0009386656150800029,0.01327149402436638,1.933651167064806e-19,2.7339277690194743e-18,27.648722726973066,2.950220119212787,,,,,,,,,0.1266923743271002,0.00940179408583381,2.6098629111382643e-17,1.936769581681765e-18,22.323123811791557,0.07772260238358797,0.0837183513021671,170.0,181.5847950254116,669.0,625.8313565262297,1433.2732809678635,180.23943067955418,,0.9363764674213523,637.860595703125,582.15185546875,299.59466189996425,150.34979868974165,1.8577373725678374,8.064705848693848,32.0
890441389.995,890442959.995,890442132.5339361,890441395.29,890442953.185,0.016520898957116625,0.012399648469234279,3.4033051851660247e-18,2.5543275846622614e-18,24.53491581240997,0.6079320856599608,1.5075116586802508,,,,,,,,0.11634517606732452,0.009096752978932842,2.396710626986885e-17,1.8739311136601654e-18,22.415629047074912,0.08173585700791719,0.08839366463037734,141.0,163.57764785368954,566.0,487.32564240726697,1405.9684585378375,140.34978501329292,,0.8623715326370142,591.3024291992188,177.633056640625,293.33202504417005,150.34974102819587,1.8577235222613349,9.773049354553223,32.0
949333072.995,949334632.995,949333839.7516242,949333078.155,949334615.665,0.014175823792624182,0.012860538772683361,2.9202197012805815e-18,2.6492709871727724e-18,24.701129234404164,0.7009998889615758,2.5813210809176503,,,,,,,,0.12228857534274337,0.009369353348229756,2.5191446520605133e-17,1.9300867897353295e-18,22.361535286218885,0.08015283189308775,0.0865450207141194,157.0,170.35407835748177,567.0,522.9390608271538,1393.0498239923327,150.60644951822033,,0.9217491108366123,383.77020263671875,693.46337890625,293.9118253516289,150.34966126893937,1.8577178858300905,8.853503227233887,32.0
949498755.995,949500249.995,949499532.3664372,949498757.065,949500247.485,0.021026162967496424,0.013793132308761108,4.331389571304263e-18,2.8413852556047882e-18,24.27309993455661,0.5476498770175162,1.1585993005675483,,,,,,,,0.13672231445591004,0.010151308854390603,2.816479677791747e-17,2.091169624004464e-18,22.240401496056897,0.07776101821912107,0.08376292752474868,167.0,181.3989297122328,579.0,532.993292710299,1326.7690093904166,153.50206830056612,,0.9208024485674842,513.6636352539062,667.4174194335938,290.57098650012466,150.34962369495042,1.8577652462697534,8.736526489257812,32.0
949688133.995,949689551.995,949688878.2075374,949688139.62,949689546.76,-0.014489117617712391,0.013794383357728321,-2.9847582292487524e-18,2.841642971692034e-18,,,,,,,,,,,0.1130115437172689,0.009455731569456853,2.3280378005757393e-17,1.947880703308112e-18,22.447192981630984,0.08724312050364347,0.09487082082441489,134.0,142.84181007581358,598.0,559.5675060870232,1263.9576929696113,161.1554417530627,,0.9383621414607349,102.65453338623047,467.04327392578125,304.8099852275966,150.3496515588777,1.857696175054652,7.238805770874023,32.0
949830178.995,949831554.995,949830850.2753106,949830187.435,949831530.035,0.022114125601275365,0.014603303623651127,4.555509873862725e-18,3.008280546472132e-18,24.21832557020108,0.5505062362386433,1.1724557587891837,,,,,,,,0.1418815202119882,0.010753616948781365,2.9227593163669565e-17,2.215245091448961e-18,22.200185417145626,0.07932172036804275,0.08557679062761281,161.0,174.07746000048962,552.0,510.22627829325126,1226.9213054694987,146.9451681484564,,0.9250445561314826,277.0962219238281,669.3041381835938,296.02374483849275,150.34965791674736,1.8577814306287397,7.627329349517822,32.0
949995917.995,949995941.995,949995930.0,949995924.19,949995934.85,0.1093618345701372,0.12541597173061667,2.2528537921448265e-17,2.5835690176507033e-17,22.482835532471185,0.8294781334089265,,,,,,,,,0.22250890998504538,0.1021126042863416,4.583683545691935e-17,2.103519648298637e-17,21.71163148440579,0.4100747326177512,0.6668356130588506,4.0,4.748277664998225,10.0,8.383773683748629,21.339719228849543,2.4145268209196056,,0.8425799201973454,571.543212890625,119.00846862792969,329.2162125285744,150.349729640463,1.8579145897107425,8.75,32.0
950025481.995,950026844.995,950026136.5698428,950025486.59,950026834.795,0.027359917689007796,0.01453457535872175,5.636143043935606e-18,2.9941225238966802e-18,23.987213033759872,0.46260538257391204,0.8226145512405232,,,,,,,,0.1420835235870504,0.010811119533073645,2.926920585893238e-17,2.2270906238131707e-18,22.198640702966376,0.07962137686138249,0.08592570014018008,159.0,172.72138003458463,524.0,484.2422531802004,1215.6327185168893,139.46176891589775,,0.9208252549693371,102.57597351074219,409.3716735839844,297.5716380955139,150.3497123367464,1.857778701936067,7.47169828414917,32.0
950209261.995,950210319.995,950209767.212232,950209268.48,950210294.9,0.020125701405223687,0.016005772766746605,4.1458944894760794e-18,3.2971891899498005e-18,24.32062243751079,0.6353366406068233,1.7221533283432855,,,,,,,,0.1299887672557899,0.011783058626907896,2.6777686054692718e-17,2.4273100771430264e-18,22.295235437109763,0.09421026882180783,0.10316843569474443,112.0,121.70139973620434,388.0,357.1486185881155,936.2455103272284,102.85880215337727,,0.920410866812883,518.03076171875,664.2671508789062,289.4276900117937,150.34952843809347,1.857690486741836,8.741071701049805,0.0
950877288.995,950878944.995,950878150.3768983,950877296.48,950878939.465,0.018032773046448826,0.01312083373630543,3.714751247568458e-18,2.7028917496789185e-18,24.439843707851914,0.5936145428173702,1.412023811632416,,,,,,,,0.13658497443147843,0.009600105885434508,2.8136504732884555e-17,1.9776218123995085e-18,22.241492685758033,0.07375031247890718,0.07912737993218144,187.0,202.4201792305168,662.0,610.0536282047296,1482.0091307486123,175.69544492296217,,0.924127700547689,430.8846130371094,692.2048950195312,293.8325373334738,150.34961448541702,1.857713780791185,8.941176414489746,32.0
951054704.995,951056393.995,951055614.8504606,951054715.64,951056371.415,0.030363895981899147,0.011785872136622435,6.254962572271224e-18,2.4278896601442216e-18,23.87410626253382,0.35609423691535014,0.5333949475437905,,,,,,,,0.1202069552796307,0.008915899525271304,2.4762632787603924e-17,1.8366753022058885e-18,22.38017600736869,0.07768380585375567,0.08367333679486677,152.0,181.7727856153453,565.0,471.7276249497795,1512.1652918709858,135.85755598553652,,0.83659520193522,271.4139404296875,132.84886169433594,296.48626513522004,150.34964392212103,1.8576697253485484,8.5921049118042,32.0
951575164.995,951576854.995,951576030.4423332,951575165.865,951576854.64,0.016823521428319343,0.0119473965883792,3.4656454142337844e-18,2.4611636972061153e-18,24.515207735848954,0.5825920345811788,1.3446052241010804,,,,,,,,0.11652062633232844,0.008770594501296582,2.400324902445966e-17,1.806742467267096e-18,22.41399297394668,0.0787945764701874,0.08496350822802157,150.0,176.50115680692517,618.0,524.3663390736755,1514.7631999808023,151.01750565321856,,0.8501746604428998,232.10125732421875,156.59716796875,295.69397429258026,150.3497253023252,1.8578478344335807,8.359999656677246,32.0
951912351.995,951913996.995,951913157.5394133,951912363.465,951913992.735,0.054091853782089326,0.012671745526492207,1.1142921879110401e-17,2.6103795784573947e-18,23.24717033648837,0.22851969147190232,0.28980158943413414,,,,,,,,0.14536176503981177,0.009931734392478297,2.9944523598201226e-17,2.0459372848505293e-18,22.173874530733325,0.07175772221548726,0.07683802740573853,179.0,214.21514998593346,560.0,467.0196296289042,1473.6691586488655,134.50165333312444,,0.8360720833537126,273.24774169921875,128.87513732910156,299.2905380105785,150.34971314527968,1.8577465408847296,8.061452865600586,32.0
980518891.995,980520239.995,980519616.0798552,980518892.26,980520236.835,0.012218382338998909,0.01416589685355613,2.516986761833775e-18,2.9181747518325624e-18,24.862465722498598,0.8358288073287454,,,,,,,,,0.12640465502978793,0.010268002972202239,2.603935893613631e-17,2.1152086122736613e-18,22.32559233063004,0.08479643221870958,0.09198441385825973,138.0,151.54938003402884,523.0,475.34891325049966,1198.9224605558666,136.90048701614393,,0.9108250488721473,92.75464630126953,368.87890625,308.81747011083144,150.34968110250202,1.857625044419527,7.246376991271973,97.0
980678694.995,980679994.995,980679392.7069709,980678695.765,980679990.19,0.012442745122982702,0.014648190542528437,2.5632054953344366e-18,3.017527251760858e-18,24.842709487167063,0.8447694995055208,,,,,,,,,0.13044494069208118,0.010614037136925481,2.6871657782568722e-17,2.1864916502066492e-18,22.29143190087894,0.0849337319907093,0.09214601407330392,137.0,151.04045096606586,523.0,474.4207045852409,1157.886616105725,136.6331629205494,,0.9072456988602458,472.212890625,688.9725341796875,297.8587367908635,150.34973217854426,1.8577172730314966,8.627737045288086,32.0
980850319.995,980851618.995,980850921.6372321,980850319.995,980851618.49,0.024380428425896532,0.015601372456630166,5.022368255734685e-18,3.2138827260658144e-18,24.112396667490568,0.5370525473816237,1.1089837880121074,,,,,,,,0.15301032850321475,0.011499417312212512,3.1520127671662235e-17,2.3688799663157775e-18,22.118198131116863,0.07867720945323953,0.08482705037457094,168.0,177.04751098121784,543.0,516.7952610442903,1157.095162876525,148.83703518075563,,0.9491553938600806,139.54660034179688,552.9031372070312,302.01877882222476,150.3496818189135,1.8577366963725184,7.845238208770752,32.0
981015991.995,981016992.995,981016509.7957894,981016003.39,981016984.865,0.010541544938387286,0.01721160271102664,2.171558257307781e-18,3.545590158471488e-18,25.022739338784195,1.0510199542100622,,,,,,,,,0.13768563783025595,0.012410299536102804,2.8363241393032724e-17,2.5565217044371775e-18,22.23277839802096,0.09370074149972041,0.10255764151128943,114.0,123.08716076556034,426.0,394.6642725210715,893.9724048582818,113.66331048606861,,0.9263096237494997,89.20972442626953,422.8140869140625,311.6265039320592,150.3496366799964,1.8577054348241786,7.254385948181152,32.0
981028328.995,981029180.995,981028757.875632,981028341.855,981029177.085,0.01104961851936332,0.018266594818288497,2.276221414988844e-18,3.76291853256743e-18,24.971631788611276,1.0594014722271616,,,,,,,,,0.13121714417939745,0.01319725145018428,2.7030731700955874e-17,2.718633798737962e-18,22.285023546240758,0.10404976393137133,0.11508841485003529,87.0,98.85853721753683,357.0,314.3534489384323,753.3965004022601,90.5337932942685,,0.8802509145439654,701.80517578125,255.14599609375,334.7671527734212,150.34974141358956,1.8577962903103478,7.379310131072998,32.0
981389273.995,981390163.995,981389711.6399398,981389279.74,981390163.89,0.03313496895015524,0.016947369990921217,6.825803603731979e-18,3.491158218129771e-18,23.779283580094503,0.44849508774315794,0.7777603289185642,,,,,,,,0.1300130989232322,0.012828828881697054,2.6782698378185834e-17,2.642738749629593e-18,22.295032224934946,0.10217148200958448,0.1127944773582108,83.0,102.70703582354314,328.0,265.7335226665266,789.9745231377627,76.53125452795967,,0.8083140324703181,409.48333740234375,108.49136352539062,291.66285129850297,150.34966214566822,1.8577014970185453,7.8433732986450195,32.0
981554209.995,981555813.995,981554984.7703292,981554210.43,981555798.53,0.011621152086701706,0.013090766774479479,2.393957329860551e-18,2.6966979555427725e-18,24.91687703784721,0.8191432111932819,,,,,,,,,0.12789899775990923,0.009474284428592437,2.63471935385413e-17,1.951702592290042e-18,22.312832146798797,0.07758783365848387,0.08356199792114083,167.0,182.2390510837888,627.0,575.2793607513393,1424.866920582804,165.68045589638572,,0.9167100937081132,394.9674377441406,692.5723876953125,292.61566725757416,150.34952636698486,1.8576822218840665,8.526946067810059,32.0
981719784.995,981721438.995,981720581.0865967,981719790.61,981721437.025,0.028464303738196722,0.013156312244132952,5.863646570068524e-18,2.710200322291388e-18,23.94424858736491,0.41251984599597336,0.6734558820466887,,,,,,,,0.14191880970498538,0.00980768241955822,2.923527479922699e-17,2.020382578428993e-18,22.199900099980216,0.0725536428995639,0.0777514041450793,191.0,209.38575428602036,638.0,581.2144888017865,1475.3911389285347,167.38977277491455,,0.9125574031600104,489.5093994140625,682.834228515625,296.659962589317,150.3495637386963,1.8578838432273639,8.502617835998535,32.0
981879444.995,981881130.995,981880286.8107672,981879466.02,981881122.005,0.011149651884320147,0.013323247438815642,2.29682828816995e-18,2.744588972396022e-18,24.961846729987744,0.8535602889872997,,,,,,,,,0.13770887163207612,0.009617643822666897,2.836802755620768e-17,1.9812346274693805e-18,22.23259520061503,0.07329749337251101,0.07860632795878786,189.0,205.01538850826415,708.0,654.2230504706163,1488.7594828023448,188.4162385355375,,0.9220535294097292,579.5982666015625,629.4749755859375,291.40058645523095,150.34963033877958,1.857768504697642,8.582010269165039,32.0
984712593.995,984712848.995,984712736.4508927,984712601.12,984712848.765,0.025589175364696272,0.03319018146879826,5.2713701251274315e-18,6.8371773825724424e-18,24.059859273591194,0.902921347820719,,,,,,,,,0.13704299366333852,0.02464777011685322,2.8230856694647734e-17,5.077440644071763e-18,22.237857907263617,0.17957093857166484,0.21527245414402074,28.0,30.914227928860768,96.0,87.29794718074066,225.58050654384445,25.141808788053318,,0.9059270813897129,665.1090698242188,422.4763488769531,266.06015327722605,150.34963235990728,1.8575360291894112,9.464285850524902,0.0
984730341.995,984731722.995,984731067.0862266,984730356.115,984731720.96,0.03468432250746228,0.014266774174360088,7.14497043653723e-18,2.938955479918178e-18,23.729666960504048,0.3740730255469664,0.5753240586505584,,,,,,,,0.14223875071463615,0.010765754302783488,2.9301182647215046e-17,2.2177453863733984e-18,22.197455176932305,0.07921572252863385,0.08545342034951986,159.0,174.56088308537392,504.0,458.3157785681733,1227.238584480986,131.9949442276339,,0.911023425613034,663.8449096679688,423.99066162109375,264.93336558975807,150.34959114301952,1.8578224159004717,9.54088020324707,0.0
